-- ##########################################################################
-- Release#:    R1.0
-- Release On:  20 Aug 2009
-- Filename:    3.3.MDS_InsertINIDate.sql
-- Description: SQL Scripts of Inserting initial data into MDS related tables.
--    Tables in which the initial data need to be inserted:
--    01. [MDS_MAINTENANCE_STATUS]
--    02. [REPORT_FAULT_TYPES]
--    03. [REPORT_FAULT]
--    04. [MDS_BAG_COUNTERS]
--
-- Histories:
--				R1.0 - Released on 20 Aug 2009.
-- ##########################################################################


USE [BHSDB]
GO


PRINT 'INFO: STEP 3.3 - Insert initial data into MDS related tables.'
PRINT 'INFO: .'
PRINT 'INFO: .'
PRINT 'INFO: .'
GO
PRINT 'INFO: Begining of Deleting Existing Initial Data...'
GO

/* ################################################################################################### */
/* STEP 1: Delect existing records */ 
DELETE FROM [dbo].[MDS_MAINTENANCE_STATUS]
DELETE FROM [dbo].[REPORT_FAULT]
DELETE FROM [dbo].[REPORT_FAULT_TYPES]
DELETE FROM [dbo].[MDS_BAG_COUNTERS]

PRINT 'INFO: End of Deleting Existing Initial Data.'
GO
PRINT 'INFO: .'
PRINT 'INFO: .'
PRINT 'INFO: .'
GO
PRINT 'INFO: Begining of Insert New Initial Data...'
GO


/* Insert data into table [MDS_MAINTENANCE_STATUS] */
PRINT 'INFO: Inserting initial records into table [MDS_MAINTENANCE_STATUS]...'
--TC1-GROUP
INSERT INTO [dbo].[MDS_MAINTENANCE_STATUS] ([TIME_STAMP], [SUBSYSTEM], [EQUIP_ID], [PLC_ZONE], [CURRENT_VALUE], [TOTAL_VALUE], [UNIT],[IFIX_NODE]) 
		VALUES (GETDATE(),'TC1','TC1-01','PLC0102','0','0','Hours',NULL)
INSERT INTO [dbo].[MDS_MAINTENANCE_STATUS] ([TIME_STAMP], [SUBSYSTEM], [EQUIP_ID], [PLC_ZONE], [CURRENT_VALUE], [TOTAL_VALUE], [UNIT],[IFIX_NODE]) 
		VALUES (GETDATE(),'TC1','TC1-02','PLC0102','0','0','Hours',NULL)
INSERT INTO [dbo].[MDS_MAINTENANCE_STATUS] ([TIME_STAMP], [SUBSYSTEM], [EQUIP_ID], [PLC_ZONE], [CURRENT_VALUE], [TOTAL_VALUE], [UNIT],[IFIX_NODE]) 
		VALUES (GETDATE(),'TC1','TC1-03','PLC0102','0','0','Hours',NULL)
INSERT INTO [dbo].[MDS_MAINTENANCE_STATUS] ([TIME_STAMP], [SUBSYSTEM], [EQUIP_ID], [PLC_ZONE], [CURRENT_VALUE], [TOTAL_VALUE], [UNIT],[IFIX_NODE]) 
		VALUES (GETDATE(),'TC1','TC1-04','PLC0102','0','0','Hours',NULL)
INSERT INTO [dbo].[MDS_MAINTENANCE_STATUS] ([TIME_STAMP], [SUBSYSTEM], [EQUIP_ID], [PLC_ZONE], [CURRENT_VALUE], [TOTAL_VALUE], [UNIT],[IFIX_NODE]) 
		VALUES (GETDATE(),'TC1','TC1-05','PLC0102','0','0','Hours',NULL)
INSERT INTO [dbo].[MDS_MAINTENANCE_STATUS] ([TIME_STAMP], [SUBSYSTEM], [EQUIP_ID], [PLC_ZONE], [CURRENT_VALUE], [TOTAL_VALUE], [UNIT],[IFIX_NODE]) 
		VALUES (GETDATE(),'TC1','TC1-06','PLC0102','0','0','Hours',NULL)
INSERT INTO [dbo].[MDS_MAINTENANCE_STATUS] ([TIME_STAMP], [SUBSYSTEM], [EQUIP_ID], [PLC_ZONE], [CURRENT_VALUE], [TOTAL_VALUE], [UNIT],[IFIX_NODE]) 
		VALUES (GETDATE(),'TC1','TC1-07','PLC0102','0','0','Hours',NULL)
INSERT INTO [dbo].[MDS_MAINTENANCE_STATUS] ([TIME_STAMP], [SUBSYSTEM], [EQUIP_ID], [PLC_ZONE], [CURRENT_VALUE], [TOTAL_VALUE], [UNIT],[IFIX_NODE]) 
		VALUES (GETDATE(),'TC1','TC1-08','PLC0102','0','0','Hours',NULL)
INSERT INTO [dbo].[MDS_MAINTENANCE_STATUS] ([TIME_STAMP], [SUBSYSTEM], [EQUIP_ID], [PLC_ZONE], [CURRENT_VALUE], [TOTAL_VALUE], [UNIT],[IFIX_NODE]) 
		VALUES (GETDATE(),'TC1','TC1-09','PLC0102','0','0','Hours',NULL)
INSERT INTO [dbo].[MDS_MAINTENANCE_STATUS] ([TIME_STAMP], [SUBSYSTEM], [EQUIP_ID], [PLC_ZONE], [CURRENT_VALUE], [TOTAL_VALUE], [UNIT],[IFIX_NODE]) 
		VALUES (GETDATE(),'TC1','TC1-10','PLC0102','0','0','Hours',NULL)
INSERT INTO [dbo].[MDS_MAINTENANCE_STATUS] ([TIME_STAMP], [SUBSYSTEM], [EQUIP_ID], [PLC_ZONE], [CURRENT_VALUE], [TOTAL_VALUE], [UNIT],[IFIX_NODE]) 
		VALUES (GETDATE(),'TC1','TC1-11','PLC0102','0','0','Hours',NULL)
INSERT INTO [dbo].[MDS_MAINTENANCE_STATUS] ([TIME_STAMP], [SUBSYSTEM], [EQUIP_ID], [PLC_ZONE], [CURRENT_VALUE], [TOTAL_VALUE], [UNIT],[IFIX_NODE]) 
		VALUES (GETDATE(),'TC1','TC1-12','PLC0102','0','0','Hours',NULL)
INSERT INTO [dbo].[MDS_MAINTENANCE_STATUS] ([TIME_STAMP], [SUBSYSTEM], [EQUIP_ID], [PLC_ZONE], [CURRENT_VALUE], [TOTAL_VALUE], [UNIT],[IFIX_NODE]) 
		VALUES (GETDATE(),'TC1','TC1-13','PLC0102','0','0','Hours',NULL)
INSERT INTO [dbo].[MDS_MAINTENANCE_STATUS] ([TIME_STAMP], [SUBSYSTEM], [EQUIP_ID], [PLC_ZONE], [CURRENT_VALUE], [TOTAL_VALUE], [UNIT],[IFIX_NODE]) 
		VALUES (GETDATE(),'TC1','TC1-14','PLC0102','0','0','Hours',NULL)
INSERT INTO [dbo].[MDS_MAINTENANCE_STATUS] ([TIME_STAMP], [SUBSYSTEM], [EQUIP_ID], [PLC_ZONE], [CURRENT_VALUE], [TOTAL_VALUE], [UNIT],[IFIX_NODE]) 
		VALUES (GETDATE(),'TC1','TC1-15','PLC0102','0','0','Hours',NULL)
INSERT INTO [dbo].[MDS_MAINTENANCE_STATUS] ([TIME_STAMP], [SUBSYSTEM], [EQUIP_ID], [PLC_ZONE], [CURRENT_VALUE], [TOTAL_VALUE], [UNIT],[IFIX_NODE]) 
		VALUES (GETDATE(),'TC1','TC1-16','PLC0102','0','0','Hours',NULL)
INSERT INTO [dbo].[MDS_MAINTENANCE_STATUS] ([TIME_STAMP], [SUBSYSTEM], [EQUIP_ID], [PLC_ZONE], [CURRENT_VALUE], [TOTAL_VALUE], [UNIT],[IFIX_NODE]) 
		VALUES (GETDATE(),'TC1','TC1-17','PLC0102','0','0','Hours',NULL)
INSERT INTO [dbo].[MDS_MAINTENANCE_STATUS] ([TIME_STAMP], [SUBSYSTEM], [EQUIP_ID], [PLC_ZONE], [CURRENT_VALUE], [TOTAL_VALUE], [UNIT],[IFIX_NODE]) 
		VALUES (GETDATE(),'TC1','TC1-18','PLC0102','0','0','Hours',NULL)
INSERT INTO [dbo].[MDS_MAINTENANCE_STATUS] ([TIME_STAMP], [SUBSYSTEM], [EQUIP_ID], [PLC_ZONE], [CURRENT_VALUE], [TOTAL_VALUE], [UNIT],[IFIX_NODE]) 
		VALUES (GETDATE(),'TC1','TC1-19','PLC0102','0','0','Hours',NULL)
INSERT INTO [dbo].[MDS_MAINTENANCE_STATUS] ([TIME_STAMP], [SUBSYSTEM], [EQUIP_ID], [PLC_ZONE], [CURRENT_VALUE], [TOTAL_VALUE], [UNIT],[IFIX_NODE]) 
		VALUES (GETDATE(),'TC1','TC1-20','PLC0102','0','0','Hours',NULL)
INSERT INTO [dbo].[MDS_MAINTENANCE_STATUS] ([TIME_STAMP], [SUBSYSTEM], [EQUIP_ID], [PLC_ZONE], [CURRENT_VALUE], [TOTAL_VALUE], [UNIT],[IFIX_NODE]) 
		VALUES (GETDATE(),'TC1','TC1-20AA','PLC0102','0','0','Hours',NULL)		
INSERT INTO [dbo].[MDS_MAINTENANCE_STATUS] ([TIME_STAMP], [SUBSYSTEM], [EQUIP_ID], [PLC_ZONE], [CURRENT_VALUE], [TOTAL_VALUE], [UNIT],[IFIX_NODE]) 
		VALUES (GETDATE(),'TC1','TC1-20B','PLC0102','0','0','Hours',NULL)
INSERT INTO [dbo].[MDS_MAINTENANCE_STATUS] ([TIME_STAMP], [SUBSYSTEM], [EQUIP_ID], [PLC_ZONE], [CURRENT_VALUE], [TOTAL_VALUE], [UNIT],[IFIX_NODE]) 
		VALUES (GETDATE(),'TC1','TC1-20C','PLC0102','0','0','Hours',NULL)
INSERT INTO [dbo].[MDS_MAINTENANCE_STATUS] ([TIME_STAMP], [SUBSYSTEM], [EQUIP_ID], [PLC_ZONE], [CURRENT_VALUE], [TOTAL_VALUE], [UNIT],[IFIX_NODE]) 
		VALUES (GETDATE(),'TC1','TC1-21','PLC0102','0','0','Hours',NULL)
INSERT INTO [dbo].[MDS_MAINTENANCE_STATUS] ([TIME_STAMP], [SUBSYSTEM], [EQUIP_ID], [PLC_ZONE], [CURRENT_VALUE], [TOTAL_VALUE], [UNIT],[IFIX_NODE]) 
		VALUES (GETDATE(),'TC1','TC1-22','PLC0102','0','0','Hours',NULL)
INSERT INTO [dbo].[MDS_MAINTENANCE_STATUS] ([TIME_STAMP], [SUBSYSTEM], [EQUIP_ID], [PLC_ZONE], [CURRENT_VALUE], [TOTAL_VALUE], [UNIT],[IFIX_NODE]) 
		VALUES (GETDATE(),'TC1','TC1-23','PLC0102','0','0','Hours',NULL)
INSERT INTO [dbo].[MDS_MAINTENANCE_STATUS] ([TIME_STAMP], [SUBSYSTEM], [EQUIP_ID], [PLC_ZONE], [CURRENT_VALUE], [TOTAL_VALUE], [UNIT],[IFIX_NODE]) 
		VALUES (GETDATE(),'TC1','TC1-24','PLC0102','0','0','Hours',NULL)
INSERT INTO [dbo].[MDS_MAINTENANCE_STATUS] ([TIME_STAMP], [SUBSYSTEM], [EQUIP_ID], [PLC_ZONE], [CURRENT_VALUE], [TOTAL_VALUE], [UNIT],[IFIX_NODE]) 
		VALUES (GETDATE(),'TC1','TC1-20A-PB','PLC0102','0','0','Hours',NULL)
--TC2-GROUP
INSERT INTO [dbo].[MDS_MAINTENANCE_STATUS] ([TIME_STAMP], [SUBSYSTEM], [EQUIP_ID], [PLC_ZONE], [CURRENT_VALUE], [TOTAL_VALUE], [UNIT],[IFIX_NODE]) 
		VALUES (GETDATE(),'TC2','TC2-01','PLC0102','0','0','Hours',NULL)
INSERT INTO [dbo].[MDS_MAINTENANCE_STATUS] ([TIME_STAMP], [SUBSYSTEM], [EQUIP_ID], [PLC_ZONE], [CURRENT_VALUE], [TOTAL_VALUE], [UNIT],[IFIX_NODE]) 
		VALUES (GETDATE(),'TC2','TC2-02','PLC0102','0','0','Hours',NULL)
INSERT INTO [dbo].[MDS_MAINTENANCE_STATUS] ([TIME_STAMP], [SUBSYSTEM], [EQUIP_ID], [PLC_ZONE], [CURRENT_VALUE], [TOTAL_VALUE], [UNIT],[IFIX_NODE]) 
		VALUES (GETDATE(),'TC2','TC2-03A','PLC0102','0','0','Hours',NULL)
INSERT INTO [dbo].[MDS_MAINTENANCE_STATUS] ([TIME_STAMP], [SUBSYSTEM], [EQUIP_ID], [PLC_ZONE], [CURRENT_VALUE], [TOTAL_VALUE], [UNIT],[IFIX_NODE]) 
		VALUES (GETDATE(),'TC2','TC2-03B','PLC0102','0','0','Hours',NULL)
INSERT INTO [dbo].[MDS_MAINTENANCE_STATUS] ([TIME_STAMP], [SUBSYSTEM], [EQUIP_ID], [PLC_ZONE], [CURRENT_VALUE], [TOTAL_VALUE], [UNIT],[IFIX_NODE]) 
		VALUES (GETDATE(),'TC2','TC2-03C','PLC0102','0','0','Hours',NULL)
INSERT INTO [dbo].[MDS_MAINTENANCE_STATUS] ([TIME_STAMP], [SUBSYSTEM], [EQUIP_ID], [PLC_ZONE], [CURRENT_VALUE], [TOTAL_VALUE], [UNIT],[IFIX_NODE]) 
		VALUES (GETDATE(),'TC2','TC2-03D','PLC0102','0','0','Hours',NULL)
INSERT INTO [dbo].[MDS_MAINTENANCE_STATUS] ([TIME_STAMP], [SUBSYSTEM], [EQUIP_ID], [PLC_ZONE], [CURRENT_VALUE], [TOTAL_VALUE], [UNIT],[IFIX_NODE]) 
		VALUES (GETDATE(),'TC2','TC2-03E','PLC0102','0','0','Hours',NULL)
INSERT INTO [dbo].[MDS_MAINTENANCE_STATUS] ([TIME_STAMP], [SUBSYSTEM], [EQUIP_ID], [PLC_ZONE], [CURRENT_VALUE], [TOTAL_VALUE], [UNIT],[IFIX_NODE]) 
		VALUES (GETDATE(),'TC2','TC2-04','PLC0102','0','0','Hours',NULL)
INSERT INTO [dbo].[MDS_MAINTENANCE_STATUS] ([TIME_STAMP], [SUBSYSTEM], [EQUIP_ID], [PLC_ZONE], [CURRENT_VALUE], [TOTAL_VALUE], [UNIT],[IFIX_NODE]) 
		VALUES (GETDATE(),'TC2','TC2-05','PLC0102','0','0','Hours',NULL)
INSERT INTO [dbo].[MDS_MAINTENANCE_STATUS] ([TIME_STAMP], [SUBSYSTEM], [EQUIP_ID], [PLC_ZONE], [CURRENT_VALUE], [TOTAL_VALUE], [UNIT],[IFIX_NODE]) 
		VALUES (GETDATE(),'TC2','TC2-06','PLC0102','0','0','Hours',NULL)
INSERT INTO [dbo].[MDS_MAINTENANCE_STATUS] ([TIME_STAMP], [SUBSYSTEM], [EQUIP_ID], [PLC_ZONE], [CURRENT_VALUE], [TOTAL_VALUE], [UNIT],[IFIX_NODE]) 
		VALUES (GETDATE(),'TC2','TC2-07','PLC0102','0','0','Hours',NULL)
INSERT INTO [dbo].[MDS_MAINTENANCE_STATUS] ([TIME_STAMP], [SUBSYSTEM], [EQUIP_ID], [PLC_ZONE], [CURRENT_VALUE], [TOTAL_VALUE], [UNIT],[IFIX_NODE]) 
		VALUES (GETDATE(),'TC2','TC2-08','PLC0102','0','0','Hours',NULL)
INSERT INTO [dbo].[MDS_MAINTENANCE_STATUS] ([TIME_STAMP], [SUBSYSTEM], [EQUIP_ID], [PLC_ZONE], [CURRENT_VALUE], [TOTAL_VALUE], [UNIT],[IFIX_NODE]) 
		VALUES (GETDATE(),'TC2','TC2-09','PLC0102','0','0','Hours',NULL)
INSERT INTO [dbo].[MDS_MAINTENANCE_STATUS] ([TIME_STAMP], [SUBSYSTEM], [EQUIP_ID], [PLC_ZONE], [CURRENT_VALUE], [TOTAL_VALUE], [UNIT],[IFIX_NODE]) 
		VALUES (GETDATE(),'TC2','TC2-10','PLC0102','0','0','Hours',NULL)
INSERT INTO [dbo].[MDS_MAINTENANCE_STATUS] ([TIME_STAMP], [SUBSYSTEM], [EQUIP_ID], [PLC_ZONE], [CURRENT_VALUE], [TOTAL_VALUE], [UNIT],[IFIX_NODE]) 
		VALUES (GETDATE(),'TC2','TC2-11','PLC0102','0','0','Hours',NULL)
INSERT INTO [dbo].[MDS_MAINTENANCE_STATUS] ([TIME_STAMP], [SUBSYSTEM], [EQUIP_ID], [PLC_ZONE], [CURRENT_VALUE], [TOTAL_VALUE], [UNIT],[IFIX_NODE]) 
		VALUES (GETDATE(),'TC2','TC2-12','PLC0102','0','0','Hours',NULL)
INSERT INTO [dbo].[MDS_MAINTENANCE_STATUS] ([TIME_STAMP], [SUBSYSTEM], [EQUIP_ID], [PLC_ZONE], [CURRENT_VALUE], [TOTAL_VALUE], [UNIT],[IFIX_NODE]) 
		VALUES (GETDATE(),'TC2','TC2-13','PLC0102','0','0','Hours',NULL)
INSERT INTO [dbo].[MDS_MAINTENANCE_STATUS] ([TIME_STAMP], [SUBSYSTEM], [EQUIP_ID], [PLC_ZONE], [CURRENT_VALUE], [TOTAL_VALUE], [UNIT],[IFIX_NODE]) 
		VALUES (GETDATE(),'TC2','TC2-14','PLC0102','0','0','Hours',NULL)
INSERT INTO [dbo].[MDS_MAINTENANCE_STATUS] ([TIME_STAMP], [SUBSYSTEM], [EQUIP_ID], [PLC_ZONE], [CURRENT_VALUE], [TOTAL_VALUE], [UNIT],[IFIX_NODE]) 
		VALUES (GETDATE(),'TC2','TC2-15','PLC0102','0','0','Hours',NULL)
INSERT INTO [dbo].[MDS_MAINTENANCE_STATUS] ([TIME_STAMP], [SUBSYSTEM], [EQUIP_ID], [PLC_ZONE], [CURRENT_VALUE], [TOTAL_VALUE], [UNIT],[IFIX_NODE]) 
		VALUES (GETDATE(),'TC2','TC2-16','PLC0102','0','0','Hours',NULL)
INSERT INTO [dbo].[MDS_MAINTENANCE_STATUS] ([TIME_STAMP], [SUBSYSTEM], [EQUIP_ID], [PLC_ZONE], [CURRENT_VALUE], [TOTAL_VALUE], [UNIT],[IFIX_NODE]) 
		VALUES (GETDATE(),'TC2','TC2-17','PLC0102','0','0','Hours',NULL)
INSERT INTO [dbo].[MDS_MAINTENANCE_STATUS] ([TIME_STAMP], [SUBSYSTEM], [EQUIP_ID], [PLC_ZONE], [CURRENT_VALUE], [TOTAL_VALUE], [UNIT],[IFIX_NODE]) 
		VALUES (GETDATE(),'TC2','TC2-18','PLC0102','0','0','Hours',NULL)
INSERT INTO [dbo].[MDS_MAINTENANCE_STATUS] ([TIME_STAMP], [SUBSYSTEM], [EQUIP_ID], [PLC_ZONE], [CURRENT_VALUE], [TOTAL_VALUE], [UNIT],[IFIX_NODE]) 
		VALUES (GETDATE(),'TC2','TC2-18B','PLC0102','0','0','Hours',NULL)
INSERT INTO [dbo].[MDS_MAINTENANCE_STATUS] ([TIME_STAMP], [SUBSYSTEM], [EQUIP_ID], [PLC_ZONE], [CURRENT_VALUE], [TOTAL_VALUE], [UNIT],[IFIX_NODE]) 
		VALUES (GETDATE(),'TC2','TC2-18C','PLC0102','0','0','Hours',NULL)
INSERT INTO [dbo].[MDS_MAINTENANCE_STATUS] ([TIME_STAMP], [SUBSYSTEM], [EQUIP_ID], [PLC_ZONE], [CURRENT_VALUE], [TOTAL_VALUE], [UNIT],[IFIX_NODE]) 
		VALUES (GETDATE(),'TC2','TC2-19','PLC0102','0','0','Hours',NULL)
INSERT INTO [dbo].[MDS_MAINTENANCE_STATUS] ([TIME_STAMP], [SUBSYSTEM], [EQUIP_ID], [PLC_ZONE], [CURRENT_VALUE], [TOTAL_VALUE], [UNIT],[IFIX_NODE]) 
		VALUES (GETDATE(),'TC2','TC2-18A-PB','PLC0102','0','0','Hours',NULL)
INSERT INTO [dbo].[MDS_MAINTENANCE_STATUS] ([TIME_STAMP], [SUBSYSTEM], [EQUIP_ID], [PLC_ZONE], [CURRENT_VALUE], [TOTAL_VALUE], [UNIT],[IFIX_NODE]) 
		VALUES (GETDATE(),'TC2','TC2-18AA','PLC0102','0','0','Hours',NULL)
--TR-GROUP
INSERT INTO [dbo].[MDS_MAINTENANCE_STATUS] ([TIME_STAMP], [SUBSYSTEM], [EQUIP_ID], [PLC_ZONE], [CURRENT_VALUE], [TOTAL_VALUE], [UNIT],[IFIX_NODE]) 
		VALUES (GETDATE(),'TR','TR-01','PLC0102','0','0','Hours',NULL)
INSERT INTO [dbo].[MDS_MAINTENANCE_STATUS] ([TIME_STAMP], [SUBSYSTEM], [EQUIP_ID], [PLC_ZONE], [CURRENT_VALUE], [TOTAL_VALUE], [UNIT],[IFIX_NODE]) 
		VALUES (GETDATE(),'TR','TR-02','PLC0102','0','0','Hours',NULL)
INSERT INTO [dbo].[MDS_MAINTENANCE_STATUS] ([TIME_STAMP], [SUBSYSTEM], [EQUIP_ID], [PLC_ZONE], [CURRENT_VALUE], [TOTAL_VALUE], [UNIT],[IFIX_NODE]) 
		VALUES (GETDATE(),'TR','TR-03','PLC0102','0','0','Hours',NULL)
INSERT INTO [dbo].[MDS_MAINTENANCE_STATUS] ([TIME_STAMP], [SUBSYSTEM], [EQUIP_ID], [PLC_ZONE], [CURRENT_VALUE], [TOTAL_VALUE], [UNIT],[IFIX_NODE]) 
		VALUES (GETDATE(),'TR','TR-04','PLC0102','0','0','Hours',NULL)
INSERT INTO [dbo].[MDS_MAINTENANCE_STATUS] ([TIME_STAMP], [SUBSYSTEM], [EQUIP_ID], [PLC_ZONE], [CURRENT_VALUE], [TOTAL_VALUE], [UNIT],[IFIX_NODE]) 
		VALUES (GETDATE(),'TR','TR-05','PLC0102','0','0','Hours',NULL)
INSERT INTO [dbo].[MDS_MAINTENANCE_STATUS] ([TIME_STAMP], [SUBSYSTEM], [EQUIP_ID], [PLC_ZONE], [CURRENT_VALUE], [TOTAL_VALUE], [UNIT],[IFIX_NODE]) 
		VALUES (GETDATE(),'TR','TR-06','PLC0102','0','0','Hours',NULL)
INSERT INTO [dbo].[MDS_MAINTENANCE_STATUS] ([TIME_STAMP], [SUBSYSTEM], [EQUIP_ID], [PLC_ZONE], [CURRENT_VALUE], [TOTAL_VALUE], [UNIT],[IFIX_NODE]) 
		VALUES (GETDATE(),'TR','TR-07','PLC0102','0','0','Hours',NULL)
INSERT INTO [dbo].[MDS_MAINTENANCE_STATUS] ([TIME_STAMP], [SUBSYSTEM], [EQUIP_ID], [PLC_ZONE], [CURRENT_VALUE], [TOTAL_VALUE], [UNIT],[IFIX_NODE]) 
		VALUES (GETDATE(),'TR','TR-08','PLC0102','0','0','Hours',NULL)
INSERT INTO [dbo].[MDS_MAINTENANCE_STATUS] ([TIME_STAMP], [SUBSYSTEM], [EQUIP_ID], [PLC_ZONE], [CURRENT_VALUE], [TOTAL_VALUE], [UNIT],[IFIX_NODE]) 
		VALUES (GETDATE(),'TR','TR-09','PLC0102','0','0','Hours',NULL)
--OS1-GROUP
INSERT INTO [dbo].[MDS_MAINTENANCE_STATUS] ([TIME_STAMP], [SUBSYSTEM], [EQUIP_ID], [PLC_ZONE], [CURRENT_VALUE], [TOTAL_VALUE], [UNIT],[IFIX_NODE]) 
		VALUES (GETDATE(),'OS1','OS1-01','PLC0102','0','0','Hours',NULL)
INSERT INTO [dbo].[MDS_MAINTENANCE_STATUS] ([TIME_STAMP], [SUBSYSTEM], [EQUIP_ID], [PLC_ZONE], [CURRENT_VALUE], [TOTAL_VALUE], [UNIT],[IFIX_NODE]) 
		VALUES (GETDATE(),'OS1','OS1-02','PLC0102','0','0','Hours',NULL)
INSERT INTO [dbo].[MDS_MAINTENANCE_STATUS] ([TIME_STAMP], [SUBSYSTEM], [EQUIP_ID], [PLC_ZONE], [CURRENT_VALUE], [TOTAL_VALUE], [UNIT],[IFIX_NODE]) 
		VALUES (GETDATE(),'OS1','OS1-03','PLC0102','0','0','Hours',NULL)
INSERT INTO [dbo].[MDS_MAINTENANCE_STATUS] ([TIME_STAMP], [SUBSYSTEM], [EQUIP_ID], [PLC_ZONE], [CURRENT_VALUE], [TOTAL_VALUE], [UNIT],[IFIX_NODE]) 
		VALUES (GETDATE(),'OS1','OS1-04','PLC0102','0','0','Hours',NULL)
INSERT INTO [dbo].[MDS_MAINTENANCE_STATUS] ([TIME_STAMP], [SUBSYSTEM], [EQUIP_ID], [PLC_ZONE], [CURRENT_VALUE], [TOTAL_VALUE], [UNIT],[IFIX_NODE]) 
		VALUES (GETDATE(),'OS1','OS1-05','PLC0102','0','0','Hours',NULL)
INSERT INTO [dbo].[MDS_MAINTENANCE_STATUS] ([TIME_STAMP], [SUBSYSTEM], [EQUIP_ID], [PLC_ZONE], [CURRENT_VALUE], [TOTAL_VALUE], [UNIT],[IFIX_NODE]) 
		VALUES (GETDATE(),'OS1','OS1-06','PLC0102','0','0','Hours',NULL)
INSERT INTO [dbo].[MDS_MAINTENANCE_STATUS] ([TIME_STAMP], [SUBSYSTEM], [EQUIP_ID], [PLC_ZONE], [CURRENT_VALUE], [TOTAL_VALUE], [UNIT],[IFIX_NODE]) 
		VALUES (GETDATE(),'OS1','OS1-07','PLC0102','0','0','Hours',NULL)
INSERT INTO [dbo].[MDS_MAINTENANCE_STATUS] ([TIME_STAMP], [SUBSYSTEM], [EQUIP_ID], [PLC_ZONE], [CURRENT_VALUE], [TOTAL_VALUE], [UNIT],[IFIX_NODE]) 
		VALUES (GETDATE(),'OS1','OS1-08','PLC0102','0','0','Hours',NULL)
INSERT INTO [dbo].[MDS_MAINTENANCE_STATUS] ([TIME_STAMP], [SUBSYSTEM], [EQUIP_ID], [PLC_ZONE], [CURRENT_VALUE], [TOTAL_VALUE], [UNIT],[IFIX_NODE]) 
		VALUES (GETDATE(),'OS1','OS1-09','PLC0102','0','0','Hours',NULL)
INSERT INTO [dbo].[MDS_MAINTENANCE_STATUS] ([TIME_STAMP], [SUBSYSTEM], [EQUIP_ID], [PLC_ZONE], [CURRENT_VALUE], [TOTAL_VALUE], [UNIT],[IFIX_NODE]) 
		VALUES (GETDATE(),'OS1','OS1-10','PLC0102','0','0','Hours',NULL)
INSERT INTO [dbo].[MDS_MAINTENANCE_STATUS] ([TIME_STAMP], [SUBSYSTEM], [EQUIP_ID], [PLC_ZONE], [CURRENT_VALUE], [TOTAL_VALUE], [UNIT],[IFIX_NODE]) 
		VALUES (GETDATE(),'OS1','OS1-11','PLC0102','0','0','Hours',NULL)
INSERT INTO [dbo].[MDS_MAINTENANCE_STATUS] ([TIME_STAMP], [SUBSYSTEM], [EQUIP_ID], [PLC_ZONE], [CURRENT_VALUE], [TOTAL_VALUE], [UNIT],[IFIX_NODE]) 
		VALUES (GETDATE(),'OS1','OS1-12','PLC0102','0','0','Hours',NULL)
INSERT INTO [dbo].[MDS_MAINTENANCE_STATUS] ([TIME_STAMP], [SUBSYSTEM], [EQUIP_ID], [PLC_ZONE], [CURRENT_VALUE], [TOTAL_VALUE], [UNIT],[IFIX_NODE]) 
		VALUES (GETDATE(),'OS1','OS1-13','PLC0102','0','0','Hours',NULL)
INSERT INTO [dbo].[MDS_MAINTENANCE_STATUS] ([TIME_STAMP], [SUBSYSTEM], [EQUIP_ID], [PLC_ZONE], [CURRENT_VALUE], [TOTAL_VALUE], [UNIT],[IFIX_NODE]) 
		VALUES (GETDATE(),'OS1','OS1-14','PLC0102','0','0','Hours',NULL)
INSERT INTO [dbo].[MDS_MAINTENANCE_STATUS] ([TIME_STAMP], [SUBSYSTEM], [EQUIP_ID], [PLC_ZONE], [CURRENT_VALUE], [TOTAL_VALUE], [UNIT],[IFIX_NODE]) 
		VALUES (GETDATE(),'OS1','OS1-15','PLC0102','0','0','Hours',NULL)
INSERT INTO [dbo].[MDS_MAINTENANCE_STATUS] ([TIME_STAMP], [SUBSYSTEM], [EQUIP_ID], [PLC_ZONE], [CURRENT_VALUE], [TOTAL_VALUE], [UNIT],[IFIX_NODE]) 
		VALUES (GETDATE(),'OS1','OS1-16','PLC0102','0','0','Hours',NULL)
INSERT INTO [dbo].[MDS_MAINTENANCE_STATUS] ([TIME_STAMP], [SUBSYSTEM], [EQUIP_ID], [PLC_ZONE], [CURRENT_VALUE], [TOTAL_VALUE], [UNIT],[IFIX_NODE]) 
		VALUES (GETDATE(),'OS1','OS1-17','PLC0102','0','0','Hours',NULL)
INSERT INTO [dbo].[MDS_MAINTENANCE_STATUS] ([TIME_STAMP], [SUBSYSTEM], [EQUIP_ID], [PLC_ZONE], [CURRENT_VALUE], [TOTAL_VALUE], [UNIT],[IFIX_NODE]) 
		VALUES (GETDATE(),'OS1','OS1-18','PLC0102','0','0','Hours',NULL)
INSERT INTO [dbo].[MDS_MAINTENANCE_STATUS] ([TIME_STAMP], [SUBSYSTEM], [EQUIP_ID], [PLC_ZONE], [CURRENT_VALUE], [TOTAL_VALUE], [UNIT],[IFIX_NODE]) 
		VALUES (GETDATE(),'OS1','OS1-19','PLC0102','0','0','Hours',NULL)
--OS2-GROUP
INSERT INTO [dbo].[MDS_MAINTENANCE_STATUS] ([TIME_STAMP], [SUBSYSTEM], [EQUIP_ID], [PLC_ZONE], [CURRENT_VALUE], [TOTAL_VALUE], [UNIT],[IFIX_NODE]) 
		VALUES (GETDATE(),'OS2','OS2-01','PLC0102','0','0','Hours',NULL)
INSERT INTO [dbo].[MDS_MAINTENANCE_STATUS] ([TIME_STAMP], [SUBSYSTEM], [EQUIP_ID], [PLC_ZONE], [CURRENT_VALUE], [TOTAL_VALUE], [UNIT],[IFIX_NODE]) 
		VALUES (GETDATE(),'OS2','OS2-02','PLC0102','0','0','Hours',NULL)
INSERT INTO [dbo].[MDS_MAINTENANCE_STATUS] ([TIME_STAMP], [SUBSYSTEM], [EQUIP_ID], [PLC_ZONE], [CURRENT_VALUE], [TOTAL_VALUE], [UNIT],[IFIX_NODE]) 
		VALUES (GETDATE(),'OS2','OS2-03','PLC0102','0','0','Hours',NULL)
INSERT INTO [dbo].[MDS_MAINTENANCE_STATUS] ([TIME_STAMP], [SUBSYSTEM], [EQUIP_ID], [PLC_ZONE], [CURRENT_VALUE], [TOTAL_VALUE], [UNIT],[IFIX_NODE]) 
		VALUES (GETDATE(),'OS2','OS2-04','PLC0102','0','0','Hours',NULL)
INSERT INTO [dbo].[MDS_MAINTENANCE_STATUS] ([TIME_STAMP], [SUBSYSTEM], [EQUIP_ID], [PLC_ZONE], [CURRENT_VALUE], [TOTAL_VALUE], [UNIT],[IFIX_NODE]) 
		VALUES (GETDATE(),'OS2','OS2-05','PLC0102','0','0','Hours',NULL)
INSERT INTO [dbo].[MDS_MAINTENANCE_STATUS] ([TIME_STAMP], [SUBSYSTEM], [EQUIP_ID], [PLC_ZONE], [CURRENT_VALUE], [TOTAL_VALUE], [UNIT],[IFIX_NODE]) 
		VALUES (GETDATE(),'OS2','OS2-06','PLC0102','0','0','Hours',NULL)
INSERT INTO [dbo].[MDS_MAINTENANCE_STATUS] ([TIME_STAMP], [SUBSYSTEM], [EQUIP_ID], [PLC_ZONE], [CURRENT_VALUE], [TOTAL_VALUE], [UNIT],[IFIX_NODE]) 
		VALUES (GETDATE(),'OS2','OS2-07','PLC0102','0','0','Hours',NULL)
INSERT INTO [dbo].[MDS_MAINTENANCE_STATUS] ([TIME_STAMP], [SUBSYSTEM], [EQUIP_ID], [PLC_ZONE], [CURRENT_VALUE], [TOTAL_VALUE], [UNIT],[IFIX_NODE]) 
		VALUES (GETDATE(),'OS2','OS2-08','PLC0102','0','0','Hours',NULL)
INSERT INTO [dbo].[MDS_MAINTENANCE_STATUS] ([TIME_STAMP], [SUBSYSTEM], [EQUIP_ID], [PLC_ZONE], [CURRENT_VALUE], [TOTAL_VALUE], [UNIT],[IFIX_NODE]) 
		VALUES (GETDATE(),'OS2','OS2-09','PLC0102','0','0','Hours',NULL)
INSERT INTO [dbo].[MDS_MAINTENANCE_STATUS] ([TIME_STAMP], [SUBSYSTEM], [EQUIP_ID], [PLC_ZONE], [CURRENT_VALUE], [TOTAL_VALUE], [UNIT],[IFIX_NODE]) 
		VALUES (GETDATE(),'OS2','OS2-10','PLC0102','0','0','Hours',NULL)
INSERT INTO [dbo].[MDS_MAINTENANCE_STATUS] ([TIME_STAMP], [SUBSYSTEM], [EQUIP_ID], [PLC_ZONE], [CURRENT_VALUE], [TOTAL_VALUE], [UNIT],[IFIX_NODE]) 
		VALUES (GETDATE(),'OS2','OS2-11','PLC0102','0','0','Hours',NULL)
INSERT INTO [dbo].[MDS_MAINTENANCE_STATUS] ([TIME_STAMP], [SUBSYSTEM], [EQUIP_ID], [PLC_ZONE], [CURRENT_VALUE], [TOTAL_VALUE], [UNIT],[IFIX_NODE]) 
		VALUES (GETDATE(),'OS2','OS2-12','PLC0102','0','0','Hours',NULL)
INSERT INTO [dbo].[MDS_MAINTENANCE_STATUS] ([TIME_STAMP], [SUBSYSTEM], [EQUIP_ID], [PLC_ZONE], [CURRENT_VALUE], [TOTAL_VALUE], [UNIT],[IFIX_NODE]) 
		VALUES (GETDATE(),'OS2','OS2-13','PLC0102','0','0','Hours',NULL)
INSERT INTO [dbo].[MDS_MAINTENANCE_STATUS] ([TIME_STAMP], [SUBSYSTEM], [EQUIP_ID], [PLC_ZONE], [CURRENT_VALUE], [TOTAL_VALUE], [UNIT],[IFIX_NODE]) 
		VALUES (GETDATE(),'OS2','OS2-14','PLC0102','0','0','Hours',NULL)
INSERT INTO [dbo].[MDS_MAINTENANCE_STATUS] ([TIME_STAMP], [SUBSYSTEM], [EQUIP_ID], [PLC_ZONE], [CURRENT_VALUE], [TOTAL_VALUE], [UNIT],[IFIX_NODE]) 
		VALUES (GETDATE(),'OS2','OS2-15','PLC0102','0','0','Hours',NULL)
--TCX-GROUP
INSERT INTO [dbo].[MDS_MAINTENANCE_STATUS] ([TIME_STAMP], [SUBSYSTEM], [EQUIP_ID], [PLC_ZONE], [CURRENT_VALUE], [TOTAL_VALUE], [UNIT],[IFIX_NODE]) 
		VALUES (GETDATE(),'TCX','TCX-01','PLC0102','0','0','Hours',NULL)
INSERT INTO [dbo].[MDS_MAINTENANCE_STATUS] ([TIME_STAMP], [SUBSYSTEM], [EQUIP_ID], [PLC_ZONE], [CURRENT_VALUE], [TOTAL_VALUE], [UNIT],[IFIX_NODE]) 
		VALUES (GETDATE(),'TCX','TCX-02','PLC0102','0','0','Hours',NULL)
INSERT INTO [dbo].[MDS_MAINTENANCE_STATUS] ([TIME_STAMP], [SUBSYSTEM], [EQUIP_ID], [PLC_ZONE], [CURRENT_VALUE], [TOTAL_VALUE], [UNIT],[IFIX_NODE]) 
		VALUES (GETDATE(),'TCX','TCX-03','PLC0102','0','0','Hours',NULL)
INSERT INTO [dbo].[MDS_MAINTENANCE_STATUS] ([TIME_STAMP], [SUBSYSTEM], [EQUIP_ID], [PLC_ZONE], [CURRENT_VALUE], [TOTAL_VALUE], [UNIT],[IFIX_NODE]) 
		VALUES (GETDATE(),'TCX','TCX-04','PLC0102','0','0','Hours',NULL)
INSERT INTO [dbo].[MDS_MAINTENANCE_STATUS] ([TIME_STAMP], [SUBSYSTEM], [EQUIP_ID], [PLC_ZONE], [CURRENT_VALUE], [TOTAL_VALUE], [UNIT],[IFIX_NODE]) 
		VALUES (GETDATE(),'TCX','TCX-05','PLC0102','0','0','Hours',NULL)
--PUSHER-GROUP


--SS1-GROUP
INSERT INTO [dbo].[MDS_MAINTENANCE_STATUS] ([TIME_STAMP], [SUBSYSTEM], [EQUIP_ID], [PLC_ZONE], [CURRENT_VALUE], [TOTAL_VALUE], [UNIT],[IFIX_NODE]) 
		VALUES (GETDATE(),'SS1','SS1-01','PLC0304','0','0','Hours',NULL)
INSERT INTO [dbo].[MDS_MAINTENANCE_STATUS] ([TIME_STAMP], [SUBSYSTEM], [EQUIP_ID], [PLC_ZONE], [CURRENT_VALUE], [TOTAL_VALUE], [UNIT],[IFIX_NODE]) 
		VALUES (GETDATE(),'SS1','SS1-02','PLC0304','0','0','Hours',NULL)
INSERT INTO [dbo].[MDS_MAINTENANCE_STATUS] ([TIME_STAMP], [SUBSYSTEM], [EQUIP_ID], [PLC_ZONE], [CURRENT_VALUE], [TOTAL_VALUE], [UNIT],[IFIX_NODE]) 
		VALUES (GETDATE(),'SS1','SS1-03','PLC0304','0','0','Hours',NULL)
INSERT INTO [dbo].[MDS_MAINTENANCE_STATUS] ([TIME_STAMP], [SUBSYSTEM], [EQUIP_ID], [PLC_ZONE], [CURRENT_VALUE], [TOTAL_VALUE], [UNIT],[IFIX_NODE]) 
		VALUES (GETDATE(),'SS1','SS1-04','PLC0304','0','0','Hours',NULL)
INSERT INTO [dbo].[MDS_MAINTENANCE_STATUS] ([TIME_STAMP], [SUBSYSTEM], [EQUIP_ID], [PLC_ZONE], [CURRENT_VALUE], [TOTAL_VALUE], [UNIT],[IFIX_NODE]) 
		VALUES (GETDATE(),'SS1','SS1-05','PLC0304','0','0','Hours',NULL)
INSERT INTO [dbo].[MDS_MAINTENANCE_STATUS] ([TIME_STAMP], [SUBSYSTEM], [EQUIP_ID], [PLC_ZONE], [CURRENT_VALUE], [TOTAL_VALUE], [UNIT],[IFIX_NODE]) 
		VALUES (GETDATE(),'SS1','SS1-06','PLC0304','0','0','Hours',NULL)
INSERT INTO [dbo].[MDS_MAINTENANCE_STATUS] ([TIME_STAMP], [SUBSYSTEM], [EQUIP_ID], [PLC_ZONE], [CURRENT_VALUE], [TOTAL_VALUE], [UNIT],[IFIX_NODE]) 
		VALUES (GETDATE(),'SS1','SS1-07','PLC0304','0','0','Hours',NULL)
INSERT INTO [dbo].[MDS_MAINTENANCE_STATUS] ([TIME_STAMP], [SUBSYSTEM], [EQUIP_ID], [PLC_ZONE], [CURRENT_VALUE], [TOTAL_VALUE], [UNIT],[IFIX_NODE]) 
		VALUES (GETDATE(),'SS1','SS1-08','PLC0304','0','0','Hours',NULL)
INSERT INTO [dbo].[MDS_MAINTENANCE_STATUS] ([TIME_STAMP], [SUBSYSTEM], [EQUIP_ID], [PLC_ZONE], [CURRENT_VALUE], [TOTAL_VALUE], [UNIT],[IFIX_NODE]) 
		VALUES (GETDATE(),'SS1','SS1-09','PLC0304','0','0','Hours',NULL)
INSERT INTO [dbo].[MDS_MAINTENANCE_STATUS] ([TIME_STAMP], [SUBSYSTEM], [EQUIP_ID], [PLC_ZONE], [CURRENT_VALUE], [TOTAL_VALUE], [UNIT],[IFIX_NODE]) 
		VALUES (GETDATE(),'SS1','SS1-10M','PLC0304','0','0','Hours',NULL)
INSERT INTO [dbo].[MDS_MAINTENANCE_STATUS] ([TIME_STAMP], [SUBSYSTEM], [EQUIP_ID], [PLC_ZONE], [CURRENT_VALUE], [TOTAL_VALUE], [UNIT],[IFIX_NODE]) 
		VALUES (GETDATE(),'SS1','SS1-10T','PLC0304','0','0','Hours',NULL)
INSERT INTO [dbo].[MDS_MAINTENANCE_STATUS] ([TIME_STAMP], [SUBSYSTEM], [EQUIP_ID], [PLC_ZONE], [CURRENT_VALUE], [TOTAL_VALUE], [UNIT],[IFIX_NODE]) 
		VALUES (GETDATE(),'SS1','SS1-10B','PLC0304','0','0','Hours',NULL)
--SS2-GROUP
INSERT INTO [dbo].[MDS_MAINTENANCE_STATUS] ([TIME_STAMP], [SUBSYSTEM], [EQUIP_ID], [PLC_ZONE], [CURRENT_VALUE], [TOTAL_VALUE], [UNIT],[IFIX_NODE]) 
		VALUES (GETDATE(),'SS2','SS2-01','PLC0304','0','0','Hours',NULL)
INSERT INTO [dbo].[MDS_MAINTENANCE_STATUS] ([TIME_STAMP], [SUBSYSTEM], [EQUIP_ID], [PLC_ZONE], [CURRENT_VALUE], [TOTAL_VALUE], [UNIT],[IFIX_NODE]) 
		VALUES (GETDATE(),'SS2','SS2-02','PLC0304','0','0','Hours',NULL)
INSERT INTO [dbo].[MDS_MAINTENANCE_STATUS] ([TIME_STAMP], [SUBSYSTEM], [EQUIP_ID], [PLC_ZONE], [CURRENT_VALUE], [TOTAL_VALUE], [UNIT],[IFIX_NODE]) 
		VALUES (GETDATE(),'SS2','SS2-03','PLC0304','0','0','Hours',NULL)
INSERT INTO [dbo].[MDS_MAINTENANCE_STATUS] ([TIME_STAMP], [SUBSYSTEM], [EQUIP_ID], [PLC_ZONE], [CURRENT_VALUE], [TOTAL_VALUE], [UNIT],[IFIX_NODE]) 
		VALUES (GETDATE(),'SS2','SS2-04','PLC0304','0','0','Hours',NULL)
INSERT INTO [dbo].[MDS_MAINTENANCE_STATUS] ([TIME_STAMP], [SUBSYSTEM], [EQUIP_ID], [PLC_ZONE], [CURRENT_VALUE], [TOTAL_VALUE], [UNIT],[IFIX_NODE]) 
		VALUES (GETDATE(),'SS2','SS2-05','PLC0304','0','0','Hours',NULL)
INSERT INTO [dbo].[MDS_MAINTENANCE_STATUS] ([TIME_STAMP], [SUBSYSTEM], [EQUIP_ID], [PLC_ZONE], [CURRENT_VALUE], [TOTAL_VALUE], [UNIT],[IFIX_NODE]) 
		VALUES (GETDATE(),'SS2','SS2-06','PLC0304','0','0','Hours',NULL)
INSERT INTO [dbo].[MDS_MAINTENANCE_STATUS] ([TIME_STAMP], [SUBSYSTEM], [EQUIP_ID], [PLC_ZONE], [CURRENT_VALUE], [TOTAL_VALUE], [UNIT],[IFIX_NODE]) 
		VALUES (GETDATE(),'SS2','SS2-07','PLC0304','0','0','Hours',NULL)
INSERT INTO [dbo].[MDS_MAINTENANCE_STATUS] ([TIME_STAMP], [SUBSYSTEM], [EQUIP_ID], [PLC_ZONE], [CURRENT_VALUE], [TOTAL_VALUE], [UNIT],[IFIX_NODE]) 
		VALUES (GETDATE(),'SS2','SS2-08','PLC0304','0','0','Hours',NULL)
INSERT INTO [dbo].[MDS_MAINTENANCE_STATUS] ([TIME_STAMP], [SUBSYSTEM], [EQUIP_ID], [PLC_ZONE], [CURRENT_VALUE], [TOTAL_VALUE], [UNIT],[IFIX_NODE]) 
		VALUES (GETDATE(),'SS2','SS2-09','PLC0304','0','0','Hours',NULL)
INSERT INTO [dbo].[MDS_MAINTENANCE_STATUS] ([TIME_STAMP], [SUBSYSTEM], [EQUIP_ID], [PLC_ZONE], [CURRENT_VALUE], [TOTAL_VALUE], [UNIT],[IFIX_NODE]) 
		VALUES (GETDATE(),'SS2','SS2-10M','PLC0304','0','0','Hours',NULL)
INSERT INTO [dbo].[MDS_MAINTENANCE_STATUS] ([TIME_STAMP], [SUBSYSTEM], [EQUIP_ID], [PLC_ZONE], [CURRENT_VALUE], [TOTAL_VALUE], [UNIT],[IFIX_NODE]) 
		VALUES (GETDATE(),'SS2','SS2-10T','PLC0304','0','0','Hours',NULL)
INSERT INTO [dbo].[MDS_MAINTENANCE_STATUS] ([TIME_STAMP], [SUBSYSTEM], [EQUIP_ID], [PLC_ZONE], [CURRENT_VALUE], [TOTAL_VALUE], [UNIT],[IFIX_NODE]) 
		VALUES (GETDATE(),'SS2','SS2-10B','PLC0304','0','0','Hours',NULL)
--SS2C-GROUP
INSERT INTO [dbo].[MDS_MAINTENANCE_STATUS] ([TIME_STAMP], [SUBSYSTEM], [EQUIP_ID], [PLC_ZONE], [CURRENT_VALUE], [TOTAL_VALUE], [UNIT],[IFIX_NODE]) 
		VALUES (GETDATE(),'SS2C','SS2C-01','PLC0304','0','0','Hours',NULL)
INSERT INTO [dbo].[MDS_MAINTENANCE_STATUS] ([TIME_STAMP], [SUBSYSTEM], [EQUIP_ID], [PLC_ZONE], [CURRENT_VALUE], [TOTAL_VALUE], [UNIT],[IFIX_NODE]) 
		VALUES (GETDATE(),'SS2C','SS2C-02','PLC0304','0','0','Hours',NULL)
INSERT INTO [dbo].[MDS_MAINTENANCE_STATUS] ([TIME_STAMP], [SUBSYSTEM], [EQUIP_ID], [PLC_ZONE], [CURRENT_VALUE], [TOTAL_VALUE], [UNIT],[IFIX_NODE]) 
		VALUES (GETDATE(),'SS2C','SS2C-03','PLC0304','0','0','Hours',NULL)
INSERT INTO [dbo].[MDS_MAINTENANCE_STATUS] ([TIME_STAMP], [SUBSYSTEM], [EQUIP_ID], [PLC_ZONE], [CURRENT_VALUE], [TOTAL_VALUE], [UNIT],[IFIX_NODE]) 
		VALUES (GETDATE(),'SS2C','SS2C-04','PLC0304','0','0','Hours',NULL)
INSERT INTO [dbo].[MDS_MAINTENANCE_STATUS] ([TIME_STAMP], [SUBSYSTEM], [EQUIP_ID], [PLC_ZONE], [CURRENT_VALUE], [TOTAL_VALUE], [UNIT],[IFIX_NODE]) 
		VALUES (GETDATE(),'SS2C','SS2C-05','PLC0304','0','0','Hours',NULL)
INSERT INTO [dbo].[MDS_MAINTENANCE_STATUS] ([TIME_STAMP], [SUBSYSTEM], [EQUIP_ID], [PLC_ZONE], [CURRENT_VALUE], [TOTAL_VALUE], [UNIT],[IFIX_NODE]) 
		VALUES (GETDATE(),'SS2C','SS2C-06','PLC0304','0','0','Hours',NULL)
INSERT INTO [dbo].[MDS_MAINTENANCE_STATUS] ([TIME_STAMP], [SUBSYSTEM], [EQUIP_ID], [PLC_ZONE], [CURRENT_VALUE], [TOTAL_VALUE], [UNIT],[IFIX_NODE]) 
		VALUES (GETDATE(),'SS2C','SS2C-07','PLC0304','0','0','Hours',NULL)
--SS2L3-GROUP
INSERT INTO [dbo].[MDS_MAINTENANCE_STATUS] ([TIME_STAMP], [SUBSYSTEM], [EQUIP_ID], [PLC_ZONE], [CURRENT_VALUE], [TOTAL_VALUE], [UNIT],[IFIX_NODE]) 
		VALUES (GETDATE(),'SS2L3','SS2L3-01','PLC0304','0','0','Hours',NULL)
INSERT INTO [dbo].[MDS_MAINTENANCE_STATUS] ([TIME_STAMP], [SUBSYSTEM], [EQUIP_ID], [PLC_ZONE], [CURRENT_VALUE], [TOTAL_VALUE], [UNIT],[IFIX_NODE]) 
		VALUES (GETDATE(),'SS2L3','SS2L3-02','PLC0304','0','0','Hours',NULL)
INSERT INTO [dbo].[MDS_MAINTENANCE_STATUS] ([TIME_STAMP], [SUBSYSTEM], [EQUIP_ID], [PLC_ZONE], [CURRENT_VALUE], [TOTAL_VALUE], [UNIT],[IFIX_NODE]) 
		VALUES (GETDATE(),'SS2L3','SS2L3-02AA','PLC0506','0','0','Hours',NULL)
INSERT INTO [dbo].[MDS_MAINTENANCE_STATUS] ([TIME_STAMP], [SUBSYSTEM], [EQUIP_ID], [PLC_ZONE], [CURRENT_VALUE], [TOTAL_VALUE], [UNIT],[IFIX_NODE]) 
		VALUES (GETDATE(),'SS2L3','SS2L3-02B','PLC0304','0','0','Hours',NULL)
INSERT INTO [dbo].[MDS_MAINTENANCE_STATUS] ([TIME_STAMP], [SUBSYSTEM], [EQUIP_ID], [PLC_ZONE], [CURRENT_VALUE], [TOTAL_VALUE], [UNIT],[IFIX_NODE]) 
		VALUES (GETDATE(),'SS2L3','SS2L3-02C','PLC0304','0','0','Hours',NULL)
INSERT INTO [dbo].[MDS_MAINTENANCE_STATUS] ([TIME_STAMP], [SUBSYSTEM], [EQUIP_ID], [PLC_ZONE], [CURRENT_VALUE], [TOTAL_VALUE], [UNIT],[IFIX_NODE]) 
		VALUES (GETDATE(),'SS2L3','SS2L3-03','PLC0506','0','0','Hours',NULL)
INSERT INTO [dbo].[MDS_MAINTENANCE_STATUS] ([TIME_STAMP], [SUBSYSTEM], [EQUIP_ID], [PLC_ZONE], [CURRENT_VALUE], [TOTAL_VALUE], [UNIT],[IFIX_NODE]) 
		VALUES (GETDATE(),'SS2L3','SS2L3-04','PLC0506','0','0','Hours',NULL)
INSERT INTO [dbo].[MDS_MAINTENANCE_STATUS] ([TIME_STAMP], [SUBSYSTEM], [EQUIP_ID], [PLC_ZONE], [CURRENT_VALUE], [TOTAL_VALUE], [UNIT],[IFIX_NODE]) 
		VALUES (GETDATE(),'SS2L3','SS2L3-05','PLC0506','0','0','Hours',NULL)
INSERT INTO [dbo].[MDS_MAINTENANCE_STATUS] ([TIME_STAMP], [SUBSYSTEM], [EQUIP_ID], [PLC_ZONE], [CURRENT_VALUE], [TOTAL_VALUE], [UNIT],[IFIX_NODE]) 
		VALUES (GETDATE(),'SS2L3','SS2L3-06','PLC0506','0','0','Hours',NULL)
INSERT INTO [dbo].[MDS_MAINTENANCE_STATUS] ([TIME_STAMP], [SUBSYSTEM], [EQUIP_ID], [PLC_ZONE], [CURRENT_VALUE], [TOTAL_VALUE], [UNIT],[IFIX_NODE]) 
		VALUES (GETDATE(),'SS2L3','SS2L3-07','PLC0506','0','0','Hours',NULL)
INSERT INTO [dbo].[MDS_MAINTENANCE_STATUS] ([TIME_STAMP], [SUBSYSTEM], [EQUIP_ID], [PLC_ZONE], [CURRENT_VALUE], [TOTAL_VALUE], [UNIT],[IFIX_NODE]) 
		VALUES (GETDATE(),'SS2L3','SS2L3-08','PLC0506','0','0','Hours',NULL)
INSERT INTO [dbo].[MDS_MAINTENANCE_STATUS] ([TIME_STAMP], [SUBSYSTEM], [EQUIP_ID], [PLC_ZONE], [CURRENT_VALUE], [TOTAL_VALUE], [UNIT],[IFIX_NODE]) 
		VALUES (GETDATE(),'SS2L3','SS2L3-09','PLC0506','0','0','Hours',NULL)
INSERT INTO [dbo].[MDS_MAINTENANCE_STATUS] ([TIME_STAMP], [SUBSYSTEM], [EQUIP_ID], [PLC_ZONE], [CURRENT_VALUE], [TOTAL_VALUE], [UNIT],[IFIX_NODE]) 
		VALUES (GETDATE(),'SS2L3','SS2L3-10','PLC0506','0','0','Hours',NULL)
INSERT INTO [dbo].[MDS_MAINTENANCE_STATUS] ([TIME_STAMP], [SUBSYSTEM], [EQUIP_ID], [PLC_ZONE], [CURRENT_VALUE], [TOTAL_VALUE], [UNIT],[IFIX_NODE]) 
		VALUES (GETDATE(),'SS2L3','SS2L3-ENT','PLC0506','0','0','Hours',NULL)
INSERT INTO [dbo].[MDS_MAINTENANCE_STATUS] ([TIME_STAMP], [SUBSYSTEM], [EQUIP_ID], [PLC_ZONE], [CURRENT_VALUE], [TOTAL_VALUE], [UNIT],[IFIX_NODE]) 
		VALUES (GETDATE(),'SS2L3','SS2L3-SCN','PLC0506','0','0','Hours',NULL)
INSERT INTO [dbo].[MDS_MAINTENANCE_STATUS] ([TIME_STAMP], [SUBSYSTEM], [EQUIP_ID], [PLC_ZONE], [CURRENT_VALUE], [TOTAL_VALUE], [UNIT],[IFIX_NODE]) 
		VALUES (GETDATE(),'SS2L3','SS2L3-EXT','PLC0506','0','0','Hours',NULL)
INSERT INTO [dbo].[MDS_MAINTENANCE_STATUS] ([TIME_STAMP], [SUBSYSTEM], [EQUIP_ID], [PLC_ZONE], [CURRENT_VALUE], [TOTAL_VALUE], [UNIT],[IFIX_NODE]) 
		VALUES (GETDATE(),'SS2L3','SS2L3-12','PLC0506','0','0','Hours',NULL)
INSERT INTO [dbo].[MDS_MAINTENANCE_STATUS] ([TIME_STAMP], [SUBSYSTEM], [EQUIP_ID], [PLC_ZONE], [CURRENT_VALUE], [TOTAL_VALUE], [UNIT],[IFIX_NODE]) 
		VALUES (GETDATE(),'SS2L3','SS2L3-13','PLC0506','0','0','Hours',NULL)
INSERT INTO [dbo].[MDS_MAINTENANCE_STATUS] ([TIME_STAMP], [SUBSYSTEM], [EQUIP_ID], [PLC_ZONE], [CURRENT_VALUE], [TOTAL_VALUE], [UNIT],[IFIX_NODE]) 
		VALUES (GETDATE(),'SS2L3','SS2L3-14','PLC0506','0','0','Hours',NULL)
INSERT INTO [dbo].[MDS_MAINTENANCE_STATUS] ([TIME_STAMP], [SUBSYSTEM], [EQUIP_ID], [PLC_ZONE], [CURRENT_VALUE], [TOTAL_VALUE], [UNIT],[IFIX_NODE]) 
		VALUES (GETDATE(),'SS2L3','SS2L3-15M','PLC0506','0','0','Hours',NULL)
INSERT INTO [dbo].[MDS_MAINTENANCE_STATUS] ([TIME_STAMP], [SUBSYSTEM], [EQUIP_ID], [PLC_ZONE], [CURRENT_VALUE], [TOTAL_VALUE], [UNIT],[IFIX_NODE]) 
		VALUES (GETDATE(),'SS2L3','SS2L3-15T','PLC0506','0','0','Hours',NULL)
INSERT INTO [dbo].[MDS_MAINTENANCE_STATUS] ([TIME_STAMP], [SUBSYSTEM], [EQUIP_ID], [PLC_ZONE], [CURRENT_VALUE], [TOTAL_VALUE], [UNIT],[IFIX_NODE]) 
		VALUES (GETDATE(),'SS2L3','SS2L3-15B','PLC0506','0','0','Hours',NULL)
INSERT INTO [dbo].[MDS_MAINTENANCE_STATUS] ([TIME_STAMP], [SUBSYSTEM], [EQUIP_ID], [PLC_ZONE], [CURRENT_VALUE], [TOTAL_VALUE], [UNIT],[IFIX_NODE]) 
		VALUES (GETDATE(),'SS2L3','SS2L3-02A-PB','PLC0506','0','0','Hours',NULL)
--SS1C-GROUP
INSERT INTO [dbo].[MDS_MAINTENANCE_STATUS] ([TIME_STAMP], [SUBSYSTEM], [EQUIP_ID], [PLC_ZONE], [CURRENT_VALUE], [TOTAL_VALUE], [UNIT],[IFIX_NODE]) 
		VALUES (GETDATE(),'SS1C','SS1C-01','PLC0304','0','0','Hours',NULL)
INSERT INTO [dbo].[MDS_MAINTENANCE_STATUS] ([TIME_STAMP], [SUBSYSTEM], [EQUIP_ID], [PLC_ZONE], [CURRENT_VALUE], [TOTAL_VALUE], [UNIT],[IFIX_NODE]) 
		VALUES (GETDATE(),'SS1C','SS1C-02','PLC0304','0','0','Hours',NULL)
INSERT INTO [dbo].[MDS_MAINTENANCE_STATUS] ([TIME_STAMP], [SUBSYSTEM], [EQUIP_ID], [PLC_ZONE], [CURRENT_VALUE], [TOTAL_VALUE], [UNIT],[IFIX_NODE]) 
		VALUES (GETDATE(),'SS1C','SS1C-03','PLC0304','0','0','Hours',NULL)
INSERT INTO [dbo].[MDS_MAINTENANCE_STATUS] ([TIME_STAMP], [SUBSYSTEM], [EQUIP_ID], [PLC_ZONE], [CURRENT_VALUE], [TOTAL_VALUE], [UNIT],[IFIX_NODE]) 
		VALUES (GETDATE(),'SS1C','SS1C-04','PLC0304','0','0','Hours',NULL)
--SS1L3-GROUP
INSERT INTO [dbo].[MDS_MAINTENANCE_STATUS] ([TIME_STAMP], [SUBSYSTEM], [EQUIP_ID], [PLC_ZONE], [CURRENT_VALUE], [TOTAL_VALUE], [UNIT],[IFIX_NODE]) 
		VALUES (GETDATE(),'SS1L3','SS1L3-01','PLC0304','0','0','Hours',NULL)
INSERT INTO [dbo].[MDS_MAINTENANCE_STATUS] ([TIME_STAMP], [SUBSYSTEM], [EQUIP_ID], [PLC_ZONE], [CURRENT_VALUE], [TOTAL_VALUE], [UNIT],[IFIX_NODE]) 
		VALUES (GETDATE(),'SS1L3','SS1L3-02','PLC0304','0','0','Hours',NULL)
INSERT INTO [dbo].[MDS_MAINTENANCE_STATUS] ([TIME_STAMP], [SUBSYSTEM], [EQUIP_ID], [PLC_ZONE], [CURRENT_VALUE], [TOTAL_VALUE], [UNIT],[IFIX_NODE]) 
		VALUES (GETDATE(),'SS1L3','SS1L3-03','PLC0304','0','0','Hours',NULL)
INSERT INTO [dbo].[MDS_MAINTENANCE_STATUS] ([TIME_STAMP],[SUBSYSTEM], [EQUIP_ID], [PLC_ZONE], [CURRENT_VALUE], [TOTAL_VALUE], [UNIT],[IFIX_NODE]) 
		VALUES (GETDATE(),'SS1L3','SS1L3-03A','PLC0304','0','0','Cycles',NULL)
INSERT INTO [dbo].[MDS_MAINTENANCE_STATUS] ([TIME_STAMP], [SUBSYSTEM], [EQUIP_ID], [PLC_ZONE], [CURRENT_VALUE], [TOTAL_VALUE], [UNIT],[IFIX_NODE]) 
		VALUES (GETDATE(),'SS1L3','SS1L3-03B','PLC0304','0','0','Hours',NULL)
INSERT INTO [dbo].[MDS_MAINTENANCE_STATUS] ([TIME_STAMP], [SUBSYSTEM], [EQUIP_ID], [PLC_ZONE], [CURRENT_VALUE], [TOTAL_VALUE], [UNIT],[IFIX_NODE]) 
		VALUES (GETDATE(),'SS1L3','SS1L3-03C','PLC0304','0','0','Hours',NULL)
INSERT INTO [dbo].[MDS_MAINTENANCE_STATUS] ([TIME_STAMP], [SUBSYSTEM], [EQUIP_ID], [PLC_ZONE], [CURRENT_VALUE], [TOTAL_VALUE], [UNIT],[IFIX_NODE]) 
		VALUES (GETDATE(),'SS1L3','SS1L3-04','PLC0304','0','0','Hours',NULL)
INSERT INTO [dbo].[MDS_MAINTENANCE_STATUS] ([TIME_STAMP], [SUBSYSTEM], [EQUIP_ID], [PLC_ZONE], [CURRENT_VALUE], [TOTAL_VALUE], [UNIT],[IFIX_NODE]) 
		VALUES (GETDATE(),'SS1L3','SS1L3-05','PLC0304','0','0','Hours',NULL)
INSERT INTO [dbo].[MDS_MAINTENANCE_STATUS] ([TIME_STAMP], [SUBSYSTEM], [EQUIP_ID], [PLC_ZONE], [CURRENT_VALUE], [TOTAL_VALUE], [UNIT],[IFIX_NODE]) 
		VALUES (GETDATE(),'SS1L3','SS1L3-06','PLC0304','0','0','Hours',NULL)
INSERT INTO [dbo].[MDS_MAINTENANCE_STATUS] ([TIME_STAMP], [SUBSYSTEM], [EQUIP_ID], [PLC_ZONE], [CURRENT_VALUE], [TOTAL_VALUE], [UNIT],[IFIX_NODE]) 
		VALUES (GETDATE(),'SS1L3','SS1L3-07','PLC0304','0','0','Hours',NULL)
INSERT INTO [dbo].[MDS_MAINTENANCE_STATUS] ([TIME_STAMP], [SUBSYSTEM], [EQUIP_ID], [PLC_ZONE], [CURRENT_VALUE], [TOTAL_VALUE], [UNIT],[IFIX_NODE]) 
		VALUES (GETDATE(),'SS1L3','SS1L3-08','PLC0506','0','0','Hours',NULL)
INSERT INTO [dbo].[MDS_MAINTENANCE_STATUS] ([TIME_STAMP], [SUBSYSTEM], [EQUIP_ID], [PLC_ZONE], [CURRENT_VALUE], [TOTAL_VALUE], [UNIT],[IFIX_NODE]) 
		VALUES (GETDATE(),'SS1L3','SS1L3-09','PLC0506','0','0','Hours',NULL)
INSERT INTO [dbo].[MDS_MAINTENANCE_STATUS] ([TIME_STAMP], [SUBSYSTEM], [EQUIP_ID], [PLC_ZONE], [CURRENT_VALUE], [TOTAL_VALUE], [UNIT],[IFIX_NODE]) 
		VALUES (GETDATE(),'SS1L3','SS1L3-10','PLC0506','0','0','Hours',NULL)
INSERT INTO [dbo].[MDS_MAINTENANCE_STATUS] ([TIME_STAMP], [SUBSYSTEM], [EQUIP_ID], [PLC_ZONE], [CURRENT_VALUE], [TOTAL_VALUE], [UNIT],[IFIX_NODE]) 
		VALUES (GETDATE(),'SS1L3','SS1L3-11','PLC0506','0','0','Hours',NULL)
INSERT INTO [dbo].[MDS_MAINTENANCE_STATUS] ([TIME_STAMP], [SUBSYSTEM], [EQUIP_ID], [PLC_ZONE], [CURRENT_VALUE], [TOTAL_VALUE], [UNIT],[IFIX_NODE]) 
		VALUES (GETDATE(),'SS1L3','SS1L3-12','PLC0506','0','0','Hours',NULL)
INSERT INTO [dbo].[MDS_MAINTENANCE_STATUS] ([TIME_STAMP], [SUBSYSTEM], [EQUIP_ID], [PLC_ZONE], [CURRENT_VALUE], [TOTAL_VALUE], [UNIT],[IFIX_NODE]) 
		VALUES (GETDATE(),'SS1L3','SS1L3-ENT','PLC0506','0','0','Hours',NULL)
INSERT INTO [dbo].[MDS_MAINTENANCE_STATUS] ([TIME_STAMP], [SUBSYSTEM], [EQUIP_ID], [PLC_ZONE], [CURRENT_VALUE], [TOTAL_VALUE], [UNIT],[IFIX_NODE]) 
		VALUES (GETDATE(),'SS1L3','SS1L3-SCN','PLC0506','0','0','Hours',NULL)
INSERT INTO [dbo].[MDS_MAINTENANCE_STATUS] ([TIME_STAMP], [SUBSYSTEM], [EQUIP_ID], [PLC_ZONE], [CURRENT_VALUE], [TOTAL_VALUE], [UNIT],[IFIX_NODE]) 
		VALUES (GETDATE(),'SS1L3','SS1L3-EXT','PLC0506','0','0','Hours',NULL)
INSERT INTO [dbo].[MDS_MAINTENANCE_STATUS] ([TIME_STAMP], [SUBSYSTEM], [EQUIP_ID], [PLC_ZONE], [CURRENT_VALUE], [TOTAL_VALUE], [UNIT],[IFIX_NODE]) 
		VALUES (GETDATE(),'SS1L3','SS1L3-14','PLC0506','0','0','Hours',NULL)
INSERT INTO [dbo].[MDS_MAINTENANCE_STATUS] ([TIME_STAMP], [SUBSYSTEM], [EQUIP_ID], [PLC_ZONE], [CURRENT_VALUE], [TOTAL_VALUE], [UNIT],[IFIX_NODE]) 
		VALUES (GETDATE(),'SS1L3','SS1L3-15','PLC0506','0','0','Hours',NULL)
INSERT INTO [dbo].[MDS_MAINTENANCE_STATUS] ([TIME_STAMP], [SUBSYSTEM], [EQUIP_ID], [PLC_ZONE], [CURRENT_VALUE], [TOTAL_VALUE], [UNIT],[IFIX_NODE]) 
		VALUES (GETDATE(),'SS1L3','SS1L3-16','PLC0506','0','0','Hours',NULL)
INSERT INTO [dbo].[MDS_MAINTENANCE_STATUS] ([TIME_STAMP], [SUBSYSTEM], [EQUIP_ID], [PLC_ZONE], [CURRENT_VALUE], [TOTAL_VALUE], [UNIT],[IFIX_NODE]) 
		VALUES (GETDATE(),'SS1L3','SS1L3-17M','PLC0506','0','0','Hours',NULL)
INSERT INTO [dbo].[MDS_MAINTENANCE_STATUS] ([TIME_STAMP], [SUBSYSTEM], [EQUIP_ID], [PLC_ZONE], [CURRENT_VALUE], [TOTAL_VALUE], [UNIT],[IFIX_NODE]) 
		VALUES (GETDATE(),'SS1L3','SS1L3-17T','PLC0506','0','0','Hours',NULL)
INSERT INTO [dbo].[MDS_MAINTENANCE_STATUS] ([TIME_STAMP], [SUBSYSTEM], [EQUIP_ID], [PLC_ZONE], [CURRENT_VALUE], [TOTAL_VALUE], [UNIT],[IFIX_NODE]) 
		VALUES (GETDATE(),'SS1L3','SS1L3-17B','PLC0506','0','0','Hours',NULL)
INSERT INTO [dbo].[MDS_MAINTENANCE_STATUS] ([TIME_STAMP], [SUBSYSTEM], [EQUIP_ID], [PLC_ZONE], [CURRENT_VALUE], [TOTAL_VALUE], [UNIT],[IFIX_NODE]) 
		VALUES (GETDATE(),'SS1L3','SS1L3-03A-PB','PLC0304','0','0','Hours',NULL)
INSERT INTO [dbo].[MDS_MAINTENANCE_STATUS] ([TIME_STAMP], [SUBSYSTEM], [EQUIP_ID], [PLC_ZONE], [CURRENT_VALUE], [TOTAL_VALUE], [UNIT],[IFIX_NODE]) 
		VALUES (GETDATE(),'SS1L3','SS1L3-03AA','PLC0304','0','0','Hours',NULL)		
--SS2L3U-GROUP
INSERT INTO [dbo].[MDS_MAINTENANCE_STATUS] ([TIME_STAMP], [SUBSYSTEM], [EQUIP_ID], [PLC_ZONE], [CURRENT_VALUE], [TOTAL_VALUE], [UNIT],[IFIX_NODE]) 
		VALUES (GETDATE(),'SS2L3U','SS2L3U-01','PLC0506','0','0','Hours',NULL)
INSERT INTO [dbo].[MDS_MAINTENANCE_STATUS] ([TIME_STAMP], [SUBSYSTEM], [EQUIP_ID], [PLC_ZONE], [CURRENT_VALUE], [TOTAL_VALUE], [UNIT],[IFIX_NODE]) 
		VALUES (GETDATE(),'SS2L3U','SS2L3U-02','PLC0506','0','0','Hours',NULL)
INSERT INTO [dbo].[MDS_MAINTENANCE_STATUS] ([TIME_STAMP], [SUBSYSTEM], [EQUIP_ID], [PLC_ZONE], [CURRENT_VALUE], [TOTAL_VALUE], [UNIT],[IFIX_NODE]) 
		VALUES (GETDATE(),'SS2L3U','SS2L3U-03','PLC0506','0','0','Hours',NULL)
INSERT INTO [dbo].[MDS_MAINTENANCE_STATUS] ([TIME_STAMP], [SUBSYSTEM], [EQUIP_ID], [PLC_ZONE], [CURRENT_VALUE], [TOTAL_VALUE], [UNIT],[IFIX_NODE]) 
		VALUES (GETDATE(),'SS2L3U','SS2L3U-04','PLC0506','0','0','Hours',NULL)
INSERT INTO [dbo].[MDS_MAINTENANCE_STATUS] ([TIME_STAMP], [SUBSYSTEM], [EQUIP_ID], [PLC_ZONE], [CURRENT_VALUE], [TOTAL_VALUE], [UNIT],[IFIX_NODE]) 
		VALUES (GETDATE(),'SS2L3U','SS2L3U-05','PLC0506','0','0','Hours',NULL)
INSERT INTO [dbo].[MDS_MAINTENANCE_STATUS] ([TIME_STAMP], [SUBSYSTEM], [EQUIP_ID], [PLC_ZONE], [CURRENT_VALUE], [TOTAL_VALUE], [UNIT],[IFIX_NODE]) 
		VALUES (GETDATE(),'SS2L3U','SS2L3U-06','PLC0506','0','0','Hours',NULL)
INSERT INTO [dbo].[MDS_MAINTENANCE_STATUS] ([TIME_STAMP], [SUBSYSTEM], [EQUIP_ID], [PLC_ZONE], [CURRENT_VALUE], [TOTAL_VALUE], [UNIT],[IFIX_NODE]) 
		VALUES (GETDATE(),'SS2L3U','SS2L3U-07','PLC0506','0','0','Hours',NULL)
INSERT INTO [dbo].[MDS_MAINTENANCE_STATUS] ([TIME_STAMP], [SUBSYSTEM], [EQUIP_ID], [PLC_ZONE], [CURRENT_VALUE], [TOTAL_VALUE], [UNIT],[IFIX_NODE]) 
		VALUES (GETDATE(),'SS2L3U','SS2L3U-08','PLC0506','0','0','Hours',NULL)
INSERT INTO [dbo].[MDS_MAINTENANCE_STATUS] ([TIME_STAMP], [SUBSYSTEM], [EQUIP_ID], [PLC_ZONE], [CURRENT_VALUE], [TOTAL_VALUE], [UNIT],[IFIX_NODE]) 
		VALUES (GETDATE(),'SS2L3U','SS2L3U-09','PLC0506','0','0','Hours',NULL)
INSERT INTO [dbo].[MDS_MAINTENANCE_STATUS] ([TIME_STAMP], [SUBSYSTEM], [EQUIP_ID], [PLC_ZONE], [CURRENT_VALUE], [TOTAL_VALUE], [UNIT],[IFIX_NODE]) 
		VALUES (GETDATE(),'SS2L3U','SS2L3U-10','PLC0506','0','0','Hours',NULL)
--SS1L3U-GROUP
INSERT INTO [dbo].[MDS_MAINTENANCE_STATUS] ([TIME_STAMP], [SUBSYSTEM], [EQUIP_ID], [PLC_ZONE], [CURRENT_VALUE], [TOTAL_VALUE], [UNIT],[IFIX_NODE]) 
		VALUES (GETDATE(),'SS1L3U','SS1L3U-01','PLC0506','0','0','Hours',NULL)
INSERT INTO [dbo].[MDS_MAINTENANCE_STATUS] ([TIME_STAMP], [SUBSYSTEM], [EQUIP_ID], [PLC_ZONE], [CURRENT_VALUE], [TOTAL_VALUE], [UNIT],[IFIX_NODE]) 
		VALUES (GETDATE(),'SS1L3U','SS1L3U-02','PLC0506','0','0','Hours',NULL)
INSERT INTO [dbo].[MDS_MAINTENANCE_STATUS] ([TIME_STAMP], [SUBSYSTEM], [EQUIP_ID], [PLC_ZONE], [CURRENT_VALUE], [TOTAL_VALUE], [UNIT],[IFIX_NODE]) 
		VALUES (GETDATE(),'SS1L3U','SS1L3U-03','PLC0506','0','0','Hours',NULL)
INSERT INTO [dbo].[MDS_MAINTENANCE_STATUS] ([TIME_STAMP], [SUBSYSTEM], [EQUIP_ID], [PLC_ZONE], [CURRENT_VALUE], [TOTAL_VALUE], [UNIT],[IFIX_NODE]) 
		VALUES (GETDATE(),'SS1L3U','SS1L3U-04','PLC0506','0','0','Hours',NULL)
--SS1L3C-GROUP
INSERT INTO [dbo].[MDS_MAINTENANCE_STATUS] ([TIME_STAMP], [SUBSYSTEM], [EQUIP_ID], [PLC_ZONE], [CURRENT_VALUE], [TOTAL_VALUE], [UNIT],[IFIX_NODE]) 
		VALUES (GETDATE(),'SS1L3C','SS1L3C-01','PLC0506','0','0','Hours',NULL)
INSERT INTO [dbo].[MDS_MAINTENANCE_STATUS] ([TIME_STAMP], [SUBSYSTEM], [EQUIP_ID], [PLC_ZONE], [CURRENT_VALUE], [TOTAL_VALUE], [UNIT],[IFIX_NODE]) 
		VALUES (GETDATE(),'SS1L3C','SS1L3C-02','PLC0506','0','0','Hours',NULL)
INSERT INTO [dbo].[MDS_MAINTENANCE_STATUS] ([TIME_STAMP], [SUBSYSTEM], [EQUIP_ID], [PLC_ZONE], [CURRENT_VALUE], [TOTAL_VALUE], [UNIT],[IFIX_NODE]) 
		VALUES (GETDATE(),'SS1L3C','SS1L3C-03','PLC0506','0','0','Hours',NULL)
INSERT INTO [dbo].[MDS_MAINTENANCE_STATUS] ([TIME_STAMP], [SUBSYSTEM], [EQUIP_ID], [PLC_ZONE], [CURRENT_VALUE], [TOTAL_VALUE], [UNIT],[IFIX_NODE]) 
		VALUES (GETDATE(),'SS1L3C','SS1L3C-04','PLC0506','0','0','Hours',NULL)
INSERT INTO [dbo].[MDS_MAINTENANCE_STATUS] ([TIME_STAMP], [SUBSYSTEM], [EQUIP_ID], [PLC_ZONE], [CURRENT_VALUE], [TOTAL_VALUE], [UNIT],[IFIX_NODE]) 
		VALUES (GETDATE(),'SS1L3C','SS1L3C-05','PLC0506','0','0','Hours',NULL)
INSERT INTO [dbo].[MDS_MAINTENANCE_STATUS] ([TIME_STAMP], [SUBSYSTEM], [EQUIP_ID], [PLC_ZONE], [CURRENT_VALUE], [TOTAL_VALUE], [UNIT],[IFIX_NODE]) 
		VALUES (GETDATE(),'SS1L3C','SS1L3C-06','PLC0506','0','0','Hours',NULL)
INSERT INTO [dbo].[MDS_MAINTENANCE_STATUS] ([TIME_STAMP], [SUBSYSTEM], [EQUIP_ID], [PLC_ZONE], [CURRENT_VALUE], [TOTAL_VALUE], [UNIT],[IFIX_NODE]) 
		VALUES (GETDATE(),'SS1L3C','SS1L3C-07','PLC0708','0','0','Hours',NULL)
--SS2L3C-GROUP
INSERT INTO [dbo].[MDS_MAINTENANCE_STATUS] ([TIME_STAMP], [SUBSYSTEM], [EQUIP_ID], [PLC_ZONE], [CURRENT_VALUE], [TOTAL_VALUE], [UNIT],[IFIX_NODE]) 
		VALUES (GETDATE(),'SS2L3C','SS2L3C-01','PLC0506','0','0','Hours',NULL)
INSERT INTO [dbo].[MDS_MAINTENANCE_STATUS] ([TIME_STAMP], [SUBSYSTEM], [EQUIP_ID], [PLC_ZONE], [CURRENT_VALUE], [TOTAL_VALUE], [UNIT],[IFIX_NODE]) 
		VALUES (GETDATE(),'SS2L3C','SS2L3C-02','PLC0506','0','0','Hours',NULL)
INSERT INTO [dbo].[MDS_MAINTENANCE_STATUS] ([TIME_STAMP], [SUBSYSTEM], [EQUIP_ID], [PLC_ZONE], [CURRENT_VALUE], [TOTAL_VALUE], [UNIT],[IFIX_NODE]) 
		VALUES (GETDATE(),'SS2L3C','SS2L3C-03','PLC0506','0','0','Hours',NULL)
INSERT INTO [dbo].[MDS_MAINTENANCE_STATUS] ([TIME_STAMP], [SUBSYSTEM], [EQUIP_ID], [PLC_ZONE], [CURRENT_VALUE], [TOTAL_VALUE], [UNIT],[IFIX_NODE]) 
		VALUES (GETDATE(),'SS2L3C','SS2L3C-04','PLC0506','0','0','Hours',NULL)
--M1-GROUP
INSERT INTO [dbo].[MDS_MAINTENANCE_STATUS] ([TIME_STAMP], [SUBSYSTEM], [EQUIP_ID], [PLC_ZONE], [CURRENT_VALUE], [TOTAL_VALUE], [UNIT],[IFIX_NODE]) 
		VALUES (GETDATE(),'M1','M1-01','PLC0708','0','0','Hours',NULL)
INSERT INTO [dbo].[MDS_MAINTENANCE_STATUS] ([TIME_STAMP], [SUBSYSTEM], [EQUIP_ID], [PLC_ZONE], [CURRENT_VALUE], [TOTAL_VALUE], [UNIT],[IFIX_NODE]) 
		VALUES (GETDATE(),'M1','M1-02','PLC0708','0','0','Hours',NULL)
INSERT INTO [dbo].[MDS_MAINTENANCE_STATUS] ([TIME_STAMP], [SUBSYSTEM], [EQUIP_ID], [PLC_ZONE], [CURRENT_VALUE], [TOTAL_VALUE], [UNIT],[IFIX_NODE]) 
		VALUES (GETDATE(),'M1','M1-03','PLC0708','0','0','Hours',NULL)
INSERT INTO [dbo].[MDS_MAINTENANCE_STATUS] ([TIME_STAMP], [SUBSYSTEM], [EQUIP_ID], [PLC_ZONE], [CURRENT_VALUE], [TOTAL_VALUE], [UNIT],[IFIX_NODE]) 
		VALUES (GETDATE(),'M1','M1-04','PLC0708','0','0','Hours',NULL)
INSERT INTO [dbo].[MDS_MAINTENANCE_STATUS] ([TIME_STAMP], [SUBSYSTEM], [EQUIP_ID], [PLC_ZONE], [CURRENT_VALUE], [TOTAL_VALUE], [UNIT],[IFIX_NODE]) 
		VALUES (GETDATE(),'M1','M1-05','PLC0708','0','0','Hours',NULL)
INSERT INTO [dbo].[MDS_MAINTENANCE_STATUS] ([TIME_STAMP], [SUBSYSTEM], [EQUIP_ID], [PLC_ZONE], [CURRENT_VALUE], [TOTAL_VALUE], [UNIT],[IFIX_NODE]) 
		VALUES (GETDATE(),'M1','M1-06','PLC0708','0','0','Hours',NULL)
INSERT INTO [dbo].[MDS_MAINTENANCE_STATUS] ([TIME_STAMP], [SUBSYSTEM], [EQUIP_ID], [PLC_ZONE], [CURRENT_VALUE], [TOTAL_VALUE], [UNIT],[IFIX_NODE]) 
		VALUES (GETDATE(),'M1','M1-07','PLC0708','0','0','Hours',NULL)
INSERT INTO [dbo].[MDS_MAINTENANCE_STATUS] ([TIME_STAMP], [SUBSYSTEM], [EQUIP_ID], [PLC_ZONE], [CURRENT_VALUE], [TOTAL_VALUE], [UNIT],[IFIX_NODE]) 
		VALUES (GETDATE(),'M1','M1-08','PLC0708','0','0','Hours',NULL)
INSERT INTO [dbo].[MDS_MAINTENANCE_STATUS] ([TIME_STAMP], [SUBSYSTEM], [EQUIP_ID], [PLC_ZONE], [CURRENT_VALUE], [TOTAL_VALUE], [UNIT],[IFIX_NODE]) 
		VALUES (GETDATE(),'M1','M1-09','PLC0708','0','0','Hours',NULL)
INSERT INTO [dbo].[MDS_MAINTENANCE_STATUS] ([TIME_STAMP], [SUBSYSTEM], [EQUIP_ID], [PLC_ZONE], [CURRENT_VALUE], [TOTAL_VALUE], [UNIT],[IFIX_NODE]) 
		VALUES (GETDATE(),'M1','M1-10','PLC0708','0','0','Hours',NULL)
INSERT INTO [dbo].[MDS_MAINTENANCE_STATUS] ([TIME_STAMP], [SUBSYSTEM], [EQUIP_ID], [PLC_ZONE], [CURRENT_VALUE], [TOTAL_VALUE], [UNIT],[IFIX_NODE]) 
		VALUES (GETDATE(),'M1','M1-11','PLC0708','0','0','Hours',NULL)
INSERT INTO [dbo].[MDS_MAINTENANCE_STATUS] ([TIME_STAMP], [SUBSYSTEM], [EQUIP_ID], [PLC_ZONE], [CURRENT_VALUE], [TOTAL_VALUE], [UNIT],[IFIX_NODE]) 
		VALUES (GETDATE(),'M1','M1-12','PLC0708','0','0','Hours',NULL)
INSERT INTO [dbo].[MDS_MAINTENANCE_STATUS] ([TIME_STAMP], [SUBSYSTEM], [EQUIP_ID], [PLC_ZONE], [CURRENT_VALUE], [TOTAL_VALUE], [UNIT],[IFIX_NODE]) 
		VALUES (GETDATE(),'M1','M1-13','PLC0708','0','0','Hours',NULL)
INSERT INTO [dbo].[MDS_MAINTENANCE_STATUS] ([TIME_STAMP], [SUBSYSTEM], [EQUIP_ID], [PLC_ZONE], [CURRENT_VALUE], [TOTAL_VALUE], [UNIT],[IFIX_NODE]) 
		VALUES (GETDATE(),'M1','M1-14','PLC0708','0','0','Hours',NULL)
INSERT INTO [dbo].[MDS_MAINTENANCE_STATUS] ([TIME_STAMP], [SUBSYSTEM], [EQUIP_ID], [PLC_ZONE], [CURRENT_VALUE], [TOTAL_VALUE], [UNIT],[IFIX_NODE]) 
		VALUES (GETDATE(),'M1','M1-15','PLC0708','0','0','Hours',NULL)
INSERT INTO [dbo].[MDS_MAINTENANCE_STATUS] ([TIME_STAMP], [SUBSYSTEM], [EQUIP_ID], [PLC_ZONE], [CURRENT_VALUE], [TOTAL_VALUE], [UNIT],[IFIX_NODE]) 
		VALUES (GETDATE(),'M1','M1-16','PLC0708','0','0','Hours',NULL)
INSERT INTO [dbo].[MDS_MAINTENANCE_STATUS] ([TIME_STAMP], [SUBSYSTEM], [EQUIP_ID], [PLC_ZONE], [CURRENT_VALUE], [TOTAL_VALUE], [UNIT],[IFIX_NODE]) 
		VALUES (GETDATE(),'M1','M1-17','PLC0708','0','0','Hours',NULL)
INSERT INTO [dbo].[MDS_MAINTENANCE_STATUS] ([TIME_STAMP], [SUBSYSTEM], [EQUIP_ID], [PLC_ZONE], [CURRENT_VALUE], [TOTAL_VALUE], [UNIT],[IFIX_NODE]) 
		VALUES (GETDATE(),'M1','M1-18','PLC0708','0','0','Hours',NULL)
INSERT INTO [dbo].[MDS_MAINTENANCE_STATUS] ([TIME_STAMP], [SUBSYSTEM], [EQUIP_ID], [PLC_ZONE], [CURRENT_VALUE], [TOTAL_VALUE], [UNIT],[IFIX_NODE]) 
		VALUES (GETDATE(),'M1','M1-19','PLC0708','0','0','Hours',NULL)
INSERT INTO [dbo].[MDS_MAINTENANCE_STATUS] ([TIME_STAMP], [SUBSYSTEM], [EQUIP_ID], [PLC_ZONE], [CURRENT_VALUE], [TOTAL_VALUE], [UNIT],[IFIX_NODE]) 
		VALUES (GETDATE(),'M1','M1-20','PLC0708','0','0','Hours',NULL)
INSERT INTO [dbo].[MDS_MAINTENANCE_STATUS] ([TIME_STAMP], [SUBSYSTEM], [EQUIP_ID], [PLC_ZONE], [CURRENT_VALUE], [TOTAL_VALUE], [UNIT],[IFIX_NODE]) 
		VALUES (GETDATE(),'M1','M1-21','PLC0708','0','0','Hours',NULL)
--ME-GROUP
INSERT INTO [dbo].[MDS_MAINTENANCE_STATUS] ([TIME_STAMP], [SUBSYSTEM], [EQUIP_ID], [PLC_ZONE], [CURRENT_VALUE], [TOTAL_VALUE], [UNIT],[IFIX_NODE]) 
		VALUES (GETDATE(),'ME','ME-03','PLC0708','0','0','Hours',NULL)
INSERT INTO [dbo].[MDS_MAINTENANCE_STATUS] ([TIME_STAMP], [SUBSYSTEM], [EQUIP_ID], [PLC_ZONE], [CURRENT_VALUE], [TOTAL_VALUE], [UNIT],[IFIX_NODE]) 
		VALUES (GETDATE(),'ME','ME-04','PLC0708','0','0','Hours',NULL)
INSERT INTO [dbo].[MDS_MAINTENANCE_STATUS] ([TIME_STAMP], [SUBSYSTEM], [EQUIP_ID], [PLC_ZONE], [CURRENT_VALUE], [TOTAL_VALUE], [UNIT],[IFIX_NODE]) 
		VALUES (GETDATE(),'ME','ME-05','PLC0708','0','0','Hours',NULL)
INSERT INTO [dbo].[MDS_MAINTENANCE_STATUS] ([TIME_STAMP], [SUBSYSTEM], [EQUIP_ID], [PLC_ZONE], [CURRENT_VALUE], [TOTAL_VALUE], [UNIT],[IFIX_NODE]) 
		VALUES (GETDATE(),'ME','ME-06','PLC0708','0','0','Hours',NULL)
INSERT INTO [dbo].[MDS_MAINTENANCE_STATUS] ([TIME_STAMP], [SUBSYSTEM], [EQUIP_ID], [PLC_ZONE], [CURRENT_VALUE], [TOTAL_VALUE], [UNIT],[IFIX_NODE]) 
		VALUES (GETDATE(),'ME','ME-07','PLC0708','0','0','Hours',NULL)
INSERT INTO [dbo].[MDS_MAINTENANCE_STATUS] ([TIME_STAMP], [SUBSYSTEM], [EQUIP_ID], [PLC_ZONE], [CURRENT_VALUE], [TOTAL_VALUE], [UNIT],[IFIX_NODE]) 
		VALUES (GETDATE(),'ME','ME-08','PLC0708','0','0','Hours',NULL)
INSERT INTO [dbo].[MDS_MAINTENANCE_STATUS] ([TIME_STAMP], [SUBSYSTEM], [EQUIP_ID], [PLC_ZONE], [CURRENT_VALUE], [TOTAL_VALUE], [UNIT],[IFIX_NODE]) 
		VALUES (GETDATE(),'ME','ME-09','PLC0708','0','0','Hours',NULL)
INSERT INTO [dbo].[MDS_MAINTENANCE_STATUS] ([TIME_STAMP], [SUBSYSTEM], [EQUIP_ID], [PLC_ZONE], [CURRENT_VALUE], [TOTAL_VALUE], [UNIT],[IFIX_NODE]) 
		VALUES (GETDATE(),'ME','ME-10','PLC0708','0','0','Hours',NULL)
INSERT INTO [dbo].[MDS_MAINTENANCE_STATUS] ([TIME_STAMP], [SUBSYSTEM], [EQUIP_ID], [PLC_ZONE], [CURRENT_VALUE], [TOTAL_VALUE], [UNIT],[IFIX_NODE]) 
		VALUES (GETDATE(),'ME','ME-11','PLC0708','0','0','Hours',NULL)
INSERT INTO [dbo].[MDS_MAINTENANCE_STATUS] ([TIME_STAMP], [SUBSYSTEM], [EQUIP_ID], [PLC_ZONE], [CURRENT_VALUE], [TOTAL_VALUE], [UNIT],[IFIX_NODE]) 
		VALUES (GETDATE(),'ME','ME-12','PLC0708','0','0','Hours',NULL)
INSERT INTO [dbo].[MDS_MAINTENANCE_STATUS] ([TIME_STAMP], [SUBSYSTEM], [EQUIP_ID], [PLC_ZONE], [CURRENT_VALUE], [TOTAL_VALUE], [UNIT],[IFIX_NODE]) 
		VALUES (GETDATE(),'ME','ME-13','PLC0708','0','0','Hours',NULL)
INSERT INTO [dbo].[MDS_MAINTENANCE_STATUS] ([TIME_STAMP], [SUBSYSTEM], [EQUIP_ID], [PLC_ZONE], [CURRENT_VALUE], [TOTAL_VALUE], [UNIT],[IFIX_NODE]) 
		VALUES (GETDATE(),'ME','ME-14','PLC0708','0','0','Hours',NULL)
INSERT INTO [dbo].[MDS_MAINTENANCE_STATUS] ([TIME_STAMP], [SUBSYSTEM], [EQUIP_ID], [PLC_ZONE], [CURRENT_VALUE], [TOTAL_VALUE], [UNIT],[IFIX_NODE]) 
		VALUES (GETDATE(),'ME','ME-15','PLC0708','0','0','Hours',NULL)
INSERT INTO [dbo].[MDS_MAINTENANCE_STATUS] ([TIME_STAMP], [SUBSYSTEM], [EQUIP_ID], [PLC_ZONE], [CURRENT_VALUE], [TOTAL_VALUE], [UNIT],[IFIX_NODE]) 
		VALUES (GETDATE(),'ME','ME-16','PLC0708','0','0','Hours',NULL)
INSERT INTO [dbo].[MDS_MAINTENANCE_STATUS] ([TIME_STAMP], [SUBSYSTEM], [EQUIP_ID], [PLC_ZONE], [CURRENT_VALUE], [TOTAL_VALUE], [UNIT],[IFIX_NODE]) 
		VALUES (GETDATE(),'ME','ME-17','PLC0708','0','0','Hours',NULL)
INSERT INTO [dbo].[MDS_MAINTENANCE_STATUS] ([TIME_STAMP], [SUBSYSTEM], [EQUIP_ID], [PLC_ZONE], [CURRENT_VALUE], [TOTAL_VALUE], [UNIT],[IFIX_NODE]) 
		VALUES (GETDATE(),'ME','ME-18','PLC0708','0','0','Hours',NULL)
INSERT INTO [dbo].[MDS_MAINTENANCE_STATUS] ([TIME_STAMP], [SUBSYSTEM], [EQUIP_ID], [PLC_ZONE], [CURRENT_VALUE], [TOTAL_VALUE], [UNIT],[IFIX_NODE]) 
		VALUES (GETDATE(),'ME','ME-19','PLC0708','0','0','Hours',NULL)
INSERT INTO [dbo].[MDS_MAINTENANCE_STATUS] ([TIME_STAMP], [SUBSYSTEM], [EQUIP_ID], [PLC_ZONE], [CURRENT_VALUE], [TOTAL_VALUE], [UNIT],[IFIX_NODE]) 
		VALUES (GETDATE(),'ME','ME-20','PLC0708','0','0','Hours',NULL)
INSERT INTO [dbo].[MDS_MAINTENANCE_STATUS] ([TIME_STAMP], [SUBSYSTEM], [EQUIP_ID], [PLC_ZONE], [CURRENT_VALUE], [TOTAL_VALUE], [UNIT],[IFIX_NODE]) 
		VALUES (GETDATE(),'ME','ME-21','PLC0708','0','0','Hours',NULL)
--C1-GROUP
INSERT INTO [dbo].[MDS_MAINTENANCE_STATUS] ([TIME_STAMP], [SUBSYSTEM], [EQUIP_ID], [PLC_ZONE], [CURRENT_VALUE], [TOTAL_VALUE], [UNIT],[IFIX_NODE]) 
		VALUES (GETDATE(),'C1','C1-01','PLC0910','0','0','Hours',NULL)
INSERT INTO [dbo].[MDS_MAINTENANCE_STATUS] ([TIME_STAMP], [SUBSYSTEM], [EQUIP_ID], [PLC_ZONE], [CURRENT_VALUE], [TOTAL_VALUE], [UNIT],[IFIX_NODE]) 
		VALUES (GETDATE(),'C1','C1-02','PLC0910','0','0','Hours',NULL)
INSERT INTO [dbo].[MDS_MAINTENANCE_STATUS] ([TIME_STAMP], [SUBSYSTEM], [EQUIP_ID], [PLC_ZONE], [CURRENT_VALUE], [TOTAL_VALUE], [UNIT],[IFIX_NODE]) 
		VALUES (GETDATE(),'C1','C1-03','PLC0910','0','0','Hours',NULL)
INSERT INTO [dbo].[MDS_MAINTENANCE_STATUS] ([TIME_STAMP], [SUBSYSTEM], [EQUIP_ID], [PLC_ZONE], [CURRENT_VALUE], [TOTAL_VALUE], [UNIT],[IFIX_NODE]) 
		VALUES (GETDATE(),'C1','C1-04','PLC0910','0','0','Hours',NULL)
INSERT INTO [dbo].[MDS_MAINTENANCE_STATUS] ([TIME_STAMP], [SUBSYSTEM], [EQUIP_ID], [PLC_ZONE], [CURRENT_VALUE], [TOTAL_VALUE], [UNIT],[IFIX_NODE]) 
		VALUES (GETDATE(),'C1','C1-05','PLC0910','0','0','Hours',NULL)
INSERT INTO [dbo].[MDS_MAINTENANCE_STATUS] ([TIME_STAMP], [SUBSYSTEM], [EQUIP_ID], [PLC_ZONE], [CURRENT_VALUE], [TOTAL_VALUE], [UNIT],[IFIX_NODE]) 
		VALUES (GETDATE(),'C1','C1-06','PLC0910','0','0','Hours',NULL)
INSERT INTO [dbo].[MDS_MAINTENANCE_STATUS] ([TIME_STAMP], [SUBSYSTEM], [EQUIP_ID], [PLC_ZONE], [CURRENT_VALUE], [TOTAL_VALUE], [UNIT],[IFIX_NODE]) 
		VALUES (GETDATE(),'C1','C1-07','PLC0910','0','0','Hours',NULL)
INSERT INTO [dbo].[MDS_MAINTENANCE_STATUS] ([TIME_STAMP], [SUBSYSTEM], [EQUIP_ID], [PLC_ZONE], [CURRENT_VALUE], [TOTAL_VALUE], [UNIT],[IFIX_NODE]) 
		VALUES (GETDATE(),'C1','C1-08','PLC0910','0','0','Hours',NULL)
INSERT INTO [dbo].[MDS_MAINTENANCE_STATUS] ([TIME_STAMP], [SUBSYSTEM], [EQUIP_ID], [PLC_ZONE], [CURRENT_VALUE], [TOTAL_VALUE], [UNIT],[IFIX_NODE]) 
		VALUES (GETDATE(),'C1','C1-09','PLC0910','0','0','Hours',NULL)
INSERT INTO [dbo].[MDS_MAINTENANCE_STATUS] ([TIME_STAMP], [SUBSYSTEM], [EQUIP_ID], [PLC_ZONE], [CURRENT_VALUE], [TOTAL_VALUE], [UNIT],[IFIX_NODE]) 
		VALUES (GETDATE(),'C1','C1-10','PLC0910','0','0','Hours',NULL)
INSERT INTO [dbo].[MDS_MAINTENANCE_STATUS] ([TIME_STAMP], [SUBSYSTEM], [EQUIP_ID], [PLC_ZONE], [CURRENT_VALUE], [TOTAL_VALUE], [UNIT],[IFIX_NODE]) 
		VALUES (GETDATE(),'C1','C1-C-M1','PLC0910','0','0','Hours',NULL)
INSERT INTO [dbo].[MDS_MAINTENANCE_STATUS] ([TIME_STAMP], [SUBSYSTEM], [EQUIP_ID], [PLC_ZONE], [CURRENT_VALUE], [TOTAL_VALUE], [UNIT],[IFIX_NODE]) 
		VALUES (GETDATE(),'C1','C1-C-M2','PLC0910','0','0','Hours',NULL)
--C2-GROUP
INSERT INTO [dbo].[MDS_MAINTENANCE_STATUS] ([TIME_STAMP], [SUBSYSTEM], [EQUIP_ID], [PLC_ZONE], [CURRENT_VALUE], [TOTAL_VALUE], [UNIT],[IFIX_NODE]) 
		VALUES (GETDATE(),'C2','C2-01','PLC0910','0','0','Hours',NULL)
INSERT INTO [dbo].[MDS_MAINTENANCE_STATUS] ([TIME_STAMP], [SUBSYSTEM], [EQUIP_ID], [PLC_ZONE], [CURRENT_VALUE], [TOTAL_VALUE], [UNIT],[IFIX_NODE]) 
		VALUES (GETDATE(),'C2','C2-02','PLC0910','0','0','Hours',NULL)
INSERT INTO [dbo].[MDS_MAINTENANCE_STATUS] ([TIME_STAMP], [SUBSYSTEM], [EQUIP_ID], [PLC_ZONE], [CURRENT_VALUE], [TOTAL_VALUE], [UNIT],[IFIX_NODE]) 
		VALUES (GETDATE(),'C2','C2-03','PLC0910','0','0','Hours',NULL)
INSERT INTO [dbo].[MDS_MAINTENANCE_STATUS] ([TIME_STAMP], [SUBSYSTEM], [EQUIP_ID], [PLC_ZONE], [CURRENT_VALUE], [TOTAL_VALUE], [UNIT],[IFIX_NODE]) 
		VALUES (GETDATE(),'C2','C2-04','PLC0910','0','0','Hours',NULL)
INSERT INTO [dbo].[MDS_MAINTENANCE_STATUS] ([TIME_STAMP], [SUBSYSTEM], [EQUIP_ID], [PLC_ZONE], [CURRENT_VALUE], [TOTAL_VALUE], [UNIT],[IFIX_NODE]) 
		VALUES (GETDATE(),'C2','C2-05','PLC0910','0','0','Hours',NULL)
INSERT INTO [dbo].[MDS_MAINTENANCE_STATUS] ([TIME_STAMP], [SUBSYSTEM], [EQUIP_ID], [PLC_ZONE], [CURRENT_VALUE], [TOTAL_VALUE], [UNIT],[IFIX_NODE]) 
		VALUES (GETDATE(),'C2','C2-06','PLC0910','0','0','Hours',NULL)
INSERT INTO [dbo].[MDS_MAINTENANCE_STATUS] ([TIME_STAMP], [SUBSYSTEM], [EQUIP_ID], [PLC_ZONE], [CURRENT_VALUE], [TOTAL_VALUE], [UNIT],[IFIX_NODE]) 
		VALUES (GETDATE(),'C2','C2-07','PLC0910','0','0','Hours',NULL)
INSERT INTO [dbo].[MDS_MAINTENANCE_STATUS] ([TIME_STAMP], [SUBSYSTEM], [EQUIP_ID], [PLC_ZONE], [CURRENT_VALUE], [TOTAL_VALUE], [UNIT],[IFIX_NODE]) 
		VALUES (GETDATE(),'C2','C2-08','PLC0910','0','0','Hours',NULL)
INSERT INTO [dbo].[MDS_MAINTENANCE_STATUS] ([TIME_STAMP], [SUBSYSTEM], [EQUIP_ID], [PLC_ZONE], [CURRENT_VALUE], [TOTAL_VALUE], [UNIT],[IFIX_NODE]) 
		VALUES (GETDATE(),'C2','C2-09','PLC0910','0','0','Hours',NULL)
INSERT INTO [dbo].[MDS_MAINTENANCE_STATUS] ([TIME_STAMP], [SUBSYSTEM], [EQUIP_ID], [PLC_ZONE], [CURRENT_VALUE], [TOTAL_VALUE], [UNIT],[IFIX_NODE]) 
		VALUES (GETDATE(),'C2','C2-10','PLC0910','0','0','Hours',NULL)
INSERT INTO [dbo].[MDS_MAINTENANCE_STATUS] ([TIME_STAMP], [SUBSYSTEM], [EQUIP_ID], [PLC_ZONE], [CURRENT_VALUE], [TOTAL_VALUE], [UNIT],[IFIX_NODE]) 
		VALUES (GETDATE(),'C2','C2-11','PLC0910','0','0','Hours',NULL)
INSERT INTO [dbo].[MDS_MAINTENANCE_STATUS] ([TIME_STAMP], [SUBSYSTEM], [EQUIP_ID], [PLC_ZONE], [CURRENT_VALUE], [TOTAL_VALUE], [UNIT],[IFIX_NODE]) 
		VALUES (GETDATE(),'C2','C2-12','PLC0910','0','0','Hours',NULL)
INSERT INTO [dbo].[MDS_MAINTENANCE_STATUS] ([TIME_STAMP], [SUBSYSTEM], [EQUIP_ID], [PLC_ZONE], [CURRENT_VALUE], [TOTAL_VALUE], [UNIT],[IFIX_NODE]) 
		VALUES (GETDATE(),'C2','C2-13','PLC0910','0','0','Hours',NULL)
INSERT INTO [dbo].[MDS_MAINTENANCE_STATUS] ([TIME_STAMP], [SUBSYSTEM], [EQUIP_ID], [PLC_ZONE], [CURRENT_VALUE], [TOTAL_VALUE], [UNIT],[IFIX_NODE]) 
		VALUES (GETDATE(),'C2','C2-C-M1','PLC0910','0','0','Hours',NULL)
INSERT INTO [dbo].[MDS_MAINTENANCE_STATUS] ([TIME_STAMP], [SUBSYSTEM], [EQUIP_ID], [PLC_ZONE], [CURRENT_VALUE], [TOTAL_VALUE], [UNIT],[IFIX_NODE]) 
		VALUES (GETDATE(),'C2','C2-C-M2','PLC0910','0','0','Hours',NULL)
--C3-GROUP
INSERT INTO [dbo].[MDS_MAINTENANCE_STATUS] ([TIME_STAMP], [SUBSYSTEM], [EQUIP_ID], [PLC_ZONE], [CURRENT_VALUE], [TOTAL_VALUE], [UNIT],[IFIX_NODE]) 
		VALUES (GETDATE(),'C3','C3-01','PLC0910','0','0','Hours',NULL)
INSERT INTO [dbo].[MDS_MAINTENANCE_STATUS] ([TIME_STAMP], [SUBSYSTEM], [EQUIP_ID], [PLC_ZONE], [CURRENT_VALUE], [TOTAL_VALUE], [UNIT],[IFIX_NODE]) 
		VALUES (GETDATE(),'C3','C3-02','PLC0910','0','0','Hours',NULL)
INSERT INTO [dbo].[MDS_MAINTENANCE_STATUS] ([TIME_STAMP], [SUBSYSTEM], [EQUIP_ID], [PLC_ZONE], [CURRENT_VALUE], [TOTAL_VALUE], [UNIT],[IFIX_NODE]) 
		VALUES (GETDATE(),'C3','C3-03','PLC0910','0','0','Hours',NULL)
INSERT INTO [dbo].[MDS_MAINTENANCE_STATUS] ([TIME_STAMP], [SUBSYSTEM], [EQUIP_ID], [PLC_ZONE], [CURRENT_VALUE], [TOTAL_VALUE], [UNIT],[IFIX_NODE]) 
		VALUES (GETDATE(),'C3','C3-04','PLC0910','0','0','Hours',NULL)
INSERT INTO [dbo].[MDS_MAINTENANCE_STATUS] ([TIME_STAMP], [SUBSYSTEM], [EQUIP_ID], [PLC_ZONE], [CURRENT_VALUE], [TOTAL_VALUE], [UNIT],[IFIX_NODE]) 
		VALUES (GETDATE(),'C3','C3-05','PLC0910','0','0','Hours',NULL)
INSERT INTO [dbo].[MDS_MAINTENANCE_STATUS] ([TIME_STAMP], [SUBSYSTEM], [EQUIP_ID], [PLC_ZONE], [CURRENT_VALUE], [TOTAL_VALUE], [UNIT],[IFIX_NODE]) 
		VALUES (GETDATE(),'C3','C3-06','PLC0910','0','0','Hours',NULL)
INSERT INTO [dbo].[MDS_MAINTENANCE_STATUS] ([TIME_STAMP], [SUBSYSTEM], [EQUIP_ID], [PLC_ZONE], [CURRENT_VALUE], [TOTAL_VALUE], [UNIT],[IFIX_NODE]) 
		VALUES (GETDATE(),'C3','C3-07','PLC0910','0','0','Hours',NULL)
INSERT INTO [dbo].[MDS_MAINTENANCE_STATUS] ([TIME_STAMP], [SUBSYSTEM], [EQUIP_ID], [PLC_ZONE], [CURRENT_VALUE], [TOTAL_VALUE], [UNIT],[IFIX_NODE]) 
		VALUES (GETDATE(),'C3','C3-08','PLC0910','0','0','Hours',NULL)
INSERT INTO [dbo].[MDS_MAINTENANCE_STATUS] ([TIME_STAMP], [SUBSYSTEM], [EQUIP_ID], [PLC_ZONE], [CURRENT_VALUE], [TOTAL_VALUE], [UNIT],[IFIX_NODE]) 
		VALUES (GETDATE(),'C3','C3-09','PLC0910','0','0','Hours',NULL)
INSERT INTO [dbo].[MDS_MAINTENANCE_STATUS] ([TIME_STAMP], [SUBSYSTEM], [EQUIP_ID], [PLC_ZONE], [CURRENT_VALUE], [TOTAL_VALUE], [UNIT],[IFIX_NODE]) 
		VALUES (GETDATE(),'C3','C3-10','PLC0910','0','0','Hours',NULL)
INSERT INTO [dbo].[MDS_MAINTENANCE_STATUS] ([TIME_STAMP], [SUBSYSTEM], [EQUIP_ID], [PLC_ZONE], [CURRENT_VALUE], [TOTAL_VALUE], [UNIT],[IFIX_NODE]) 
		VALUES (GETDATE(),'C3','C3-11','PLC0910','0','0','Hours',NULL)
INSERT INTO [dbo].[MDS_MAINTENANCE_STATUS] ([TIME_STAMP], [SUBSYSTEM], [EQUIP_ID], [PLC_ZONE], [CURRENT_VALUE], [TOTAL_VALUE], [UNIT],[IFIX_NODE]) 
		VALUES (GETDATE(),'C3','C3-C-M1','PLC0910','0','0','Hours',NULL)
INSERT INTO [dbo].[MDS_MAINTENANCE_STATUS] ([TIME_STAMP], [SUBSYSTEM], [EQUIP_ID], [PLC_ZONE], [CURRENT_VALUE], [TOTAL_VALUE], [UNIT],[IFIX_NODE]) 
		VALUES (GETDATE(),'C3','C3-C-M2','PLC0910','0','0','Hours',NULL)
--C4-GROUP
INSERT INTO [dbo].[MDS_MAINTENANCE_STATUS] ([TIME_STAMP], [SUBSYSTEM], [EQUIP_ID], [PLC_ZONE], [CURRENT_VALUE], [TOTAL_VALUE], [UNIT],[IFIX_NODE]) 
		VALUES (GETDATE(),'C4','C4-01','PLC0910','0','0','Hours',NULL)
INSERT INTO [dbo].[MDS_MAINTENANCE_STATUS] ([TIME_STAMP], [SUBSYSTEM], [EQUIP_ID], [PLC_ZONE], [CURRENT_VALUE], [TOTAL_VALUE], [UNIT],[IFIX_NODE]) 
		VALUES (GETDATE(),'C4','C4-02','PLC0910','0','0','Hours',NULL)
INSERT INTO [dbo].[MDS_MAINTENANCE_STATUS] ([TIME_STAMP], [SUBSYSTEM], [EQUIP_ID], [PLC_ZONE], [CURRENT_VALUE], [TOTAL_VALUE], [UNIT],[IFIX_NODE]) 
		VALUES (GETDATE(),'C4','C4-03','PLC0910','0','0','Hours',NULL)
INSERT INTO [dbo].[MDS_MAINTENANCE_STATUS] ([TIME_STAMP], [SUBSYSTEM], [EQUIP_ID], [PLC_ZONE], [CURRENT_VALUE], [TOTAL_VALUE], [UNIT],[IFIX_NODE]) 
		VALUES (GETDATE(),'C4','C4-04','PLC0910','0','0','Hours',NULL)
INSERT INTO [dbo].[MDS_MAINTENANCE_STATUS] ([TIME_STAMP], [SUBSYSTEM], [EQUIP_ID], [PLC_ZONE], [CURRENT_VALUE], [TOTAL_VALUE], [UNIT],[IFIX_NODE]) 
		VALUES (GETDATE(),'C4','C4-05','PLC0910','0','0','Hours',NULL)
INSERT INTO [dbo].[MDS_MAINTENANCE_STATUS] ([TIME_STAMP], [SUBSYSTEM], [EQUIP_ID], [PLC_ZONE], [CURRENT_VALUE], [TOTAL_VALUE], [UNIT],[IFIX_NODE]) 
		VALUES (GETDATE(),'C4','C4-06','PLC0910','0','0','Hours',NULL)
INSERT INTO [dbo].[MDS_MAINTENANCE_STATUS] ([TIME_STAMP], [SUBSYSTEM], [EQUIP_ID], [PLC_ZONE], [CURRENT_VALUE], [TOTAL_VALUE], [UNIT],[IFIX_NODE]) 
		VALUES (GETDATE(),'C4','C4-07','PLC0910','0','0','Hours',NULL)
INSERT INTO [dbo].[MDS_MAINTENANCE_STATUS] ([TIME_STAMP], [SUBSYSTEM], [EQUIP_ID], [PLC_ZONE], [CURRENT_VALUE], [TOTAL_VALUE], [UNIT],[IFIX_NODE]) 
		VALUES (GETDATE(),'C4','C4-08','PLC0910','0','0','Hours',NULL)
INSERT INTO [dbo].[MDS_MAINTENANCE_STATUS] ([TIME_STAMP], [SUBSYSTEM], [EQUIP_ID], [PLC_ZONE], [CURRENT_VALUE], [TOTAL_VALUE], [UNIT],[IFIX_NODE]) 
		VALUES (GETDATE(),'C4','C4-09','PLC0910','0','0','Hours',NULL)
INSERT INTO [dbo].[MDS_MAINTENANCE_STATUS] ([TIME_STAMP], [SUBSYSTEM], [EQUIP_ID], [PLC_ZONE], [CURRENT_VALUE], [TOTAL_VALUE], [UNIT],[IFIX_NODE]) 
		VALUES (GETDATE(),'C4','C4-10','PLC0910','0','0','Hours',NULL)
INSERT INTO [dbo].[MDS_MAINTENANCE_STATUS] ([TIME_STAMP], [SUBSYSTEM], [EQUIP_ID], [PLC_ZONE], [CURRENT_VALUE], [TOTAL_VALUE], [UNIT],[IFIX_NODE]) 
		VALUES (GETDATE(),'C4','C4-11','PLC0910','0','0','Hours',NULL)
INSERT INTO [dbo].[MDS_MAINTENANCE_STATUS] ([TIME_STAMP], [SUBSYSTEM], [EQUIP_ID], [PLC_ZONE], [CURRENT_VALUE], [TOTAL_VALUE], [UNIT],[IFIX_NODE]) 
		VALUES (GETDATE(),'C4','C4-C-M1','PLC0910','0','0','Hours',NULL)
INSERT INTO [dbo].[MDS_MAINTENANCE_STATUS] ([TIME_STAMP], [SUBSYSTEM], [EQUIP_ID], [PLC_ZONE], [CURRENT_VALUE], [TOTAL_VALUE], [UNIT],[IFIX_NODE]) 
		VALUES (GETDATE(),'C4','C4-C-M2','PLC0910','0','0','Hours',NULL)
--C5-GROUP
INSERT INTO [dbo].[MDS_MAINTENANCE_STATUS] ([TIME_STAMP], [SUBSYSTEM], [EQUIP_ID], [PLC_ZONE], [CURRENT_VALUE], [TOTAL_VALUE], [UNIT],[IFIX_NODE]) 
		VALUES (GETDATE(),'C5','C5-01','PLC0910','0','0','Hours',NULL)
INSERT INTO [dbo].[MDS_MAINTENANCE_STATUS] ([TIME_STAMP], [SUBSYSTEM], [EQUIP_ID], [PLC_ZONE], [CURRENT_VALUE], [TOTAL_VALUE], [UNIT],[IFIX_NODE]) 
		VALUES (GETDATE(),'C5','C5-02','PLC0910','0','0','Hours',NULL)
INSERT INTO [dbo].[MDS_MAINTENANCE_STATUS] ([TIME_STAMP], [SUBSYSTEM], [EQUIP_ID], [PLC_ZONE], [CURRENT_VALUE], [TOTAL_VALUE], [UNIT],[IFIX_NODE]) 
		VALUES (GETDATE(),'C5','C5-03','PLC0910','0','0','Hours',NULL)
INSERT INTO [dbo].[MDS_MAINTENANCE_STATUS] ([TIME_STAMP], [SUBSYSTEM], [EQUIP_ID], [PLC_ZONE], [CURRENT_VALUE], [TOTAL_VALUE], [UNIT],[IFIX_NODE]) 
		VALUES (GETDATE(),'C5','C5-04','PLC0910','0','0','Hours',NULL)
INSERT INTO [dbo].[MDS_MAINTENANCE_STATUS] ([TIME_STAMP], [SUBSYSTEM], [EQUIP_ID], [PLC_ZONE], [CURRENT_VALUE], [TOTAL_VALUE], [UNIT],[IFIX_NODE]) 
		VALUES (GETDATE(),'C5','C5-05','PLC0910','0','0','Hours',NULL)
INSERT INTO [dbo].[MDS_MAINTENANCE_STATUS] ([TIME_STAMP], [SUBSYSTEM], [EQUIP_ID], [PLC_ZONE], [CURRENT_VALUE], [TOTAL_VALUE], [UNIT],[IFIX_NODE]) 
		VALUES (GETDATE(),'C5','C5-06','PLC0910','0','0','Hours',NULL)
INSERT INTO [dbo].[MDS_MAINTENANCE_STATUS] ([TIME_STAMP], [SUBSYSTEM], [EQUIP_ID], [PLC_ZONE], [CURRENT_VALUE], [TOTAL_VALUE], [UNIT],[IFIX_NODE]) 
		VALUES (GETDATE(),'C5','C5-07','PLC0910','0','0','Hours',NULL)
INSERT INTO [dbo].[MDS_MAINTENANCE_STATUS] ([TIME_STAMP], [SUBSYSTEM], [EQUIP_ID], [PLC_ZONE], [CURRENT_VALUE], [TOTAL_VALUE], [UNIT],[IFIX_NODE]) 
		VALUES (GETDATE(),'C5','C5-08','PLC0910','0','0','Hours',NULL)
INSERT INTO [dbo].[MDS_MAINTENANCE_STATUS] ([TIME_STAMP], [SUBSYSTEM], [EQUIP_ID], [PLC_ZONE], [CURRENT_VALUE], [TOTAL_VALUE], [UNIT],[IFIX_NODE]) 
		VALUES (GETDATE(),'C5','C5-09','PLC0910','0','0','Hours',NULL)
INSERT INTO [dbo].[MDS_MAINTENANCE_STATUS] ([TIME_STAMP], [SUBSYSTEM], [EQUIP_ID], [PLC_ZONE], [CURRENT_VALUE], [TOTAL_VALUE], [UNIT],[IFIX_NODE]) 
		VALUES (GETDATE(),'C5','C5-10','PLC0910','0','0','Hours',NULL)
INSERT INTO [dbo].[MDS_MAINTENANCE_STATUS] ([TIME_STAMP], [SUBSYSTEM], [EQUIP_ID], [PLC_ZONE], [CURRENT_VALUE], [TOTAL_VALUE], [UNIT],[IFIX_NODE]) 
		VALUES (GETDATE(),'C5','C5-11','PLC0910','0','0','Hours',NULL)
INSERT INTO [dbo].[MDS_MAINTENANCE_STATUS] ([TIME_STAMP], [SUBSYSTEM], [EQUIP_ID], [PLC_ZONE], [CURRENT_VALUE], [TOTAL_VALUE], [UNIT],[IFIX_NODE]) 
		VALUES (GETDATE(),'C5','C5-C-M1','PLC0910','0','0','Hours',NULL)
INSERT INTO [dbo].[MDS_MAINTENANCE_STATUS] ([TIME_STAMP], [SUBSYSTEM], [EQUIP_ID], [PLC_ZONE], [CURRENT_VALUE], [TOTAL_VALUE], [UNIT],[IFIX_NODE]) 
		VALUES (GETDATE(),'C5','C5-C-M2','PLC0910','0','0','Hours',NULL)
--OB1-GROUP
INSERT INTO [dbo].[MDS_MAINTENANCE_STATUS] ([TIME_STAMP], [SUBSYSTEM], [EQUIP_ID], [PLC_ZONE], [CURRENT_VALUE], [TOTAL_VALUE], [UNIT],[IFIX_NODE]) 
		VALUES (GETDATE(),'OB1','OB1-01','PLC1112','0','0','Cycles',NULL)
INSERT INTO [dbo].[MDS_MAINTENANCE_STATUS] ([TIME_STAMP], [SUBSYSTEM], [EQUIP_ID], [PLC_ZONE], [CURRENT_VALUE], [TOTAL_VALUE], [UNIT],[IFIX_NODE]) 
		VALUES (GETDATE(),'OB1','OB1-02','PLC1112','0','0','Hours',NULL)
INSERT INTO [dbo].[MDS_MAINTENANCE_STATUS] ([TIME_STAMP], [SUBSYSTEM], [EQUIP_ID], [PLC_ZONE], [CURRENT_VALUE], [TOTAL_VALUE], [UNIT],[IFIX_NODE]) 
		VALUES (GETDATE(),'OB1','OB1-03','PLC1112','0','0','Hours',NULL)
INSERT INTO [dbo].[MDS_MAINTENANCE_STATUS] ([TIME_STAMP], [SUBSYSTEM], [EQUIP_ID], [PLC_ZONE], [CURRENT_VALUE], [TOTAL_VALUE], [UNIT],[IFIX_NODE]) 
		VALUES (GETDATE(),'OB1','OB1-04','PLC1112','0','0','Hours',NULL)
INSERT INTO [dbo].[MDS_MAINTENANCE_STATUS] ([TIME_STAMP], [SUBSYSTEM], [EQUIP_ID], [PLC_ZONE], [CURRENT_VALUE], [TOTAL_VALUE], [UNIT],[IFIX_NODE]) 
		VALUES (GETDATE(),'OB1','OB1-05','PLC1112','0','0','Hours',NULL)
INSERT INTO [dbo].[MDS_MAINTENANCE_STATUS] ([TIME_STAMP], [SUBSYSTEM], [EQUIP_ID], [PLC_ZONE], [CURRENT_VALUE], [TOTAL_VALUE], [UNIT],[IFIX_NODE]) 
		VALUES (GETDATE(),'OB1','OB1-06','PLC1112','0','0','Hours',NULL)
INSERT INTO [dbo].[MDS_MAINTENANCE_STATUS] ([TIME_STAMP], [SUBSYSTEM], [EQUIP_ID], [PLC_ZONE], [CURRENT_VALUE], [TOTAL_VALUE], [UNIT],[IFIX_NODE]) 
		VALUES (GETDATE(),'OB1','OB1-C-M1','PLC1112','0','0','Hours',NULL)
INSERT INTO [dbo].[MDS_MAINTENANCE_STATUS] ([TIME_STAMP], [SUBSYSTEM], [EQUIP_ID], [PLC_ZONE], [CURRENT_VALUE], [TOTAL_VALUE], [UNIT],[IFIX_NODE]) 
		VALUES (GETDATE(),'OB1','OB1-C-M2','PLC1112','0','0','Hours',NULL)

--OB2-GROUP
INSERT INTO [dbo].[MDS_MAINTENANCE_STATUS] ([TIME_STAMP], [SUBSYSTEM], [EQUIP_ID], [PLC_ZONE], [CURRENT_VALUE], [TOTAL_VALUE], [UNIT],[IFIX_NODE]) 
	VALUES (GETDATE(),'OB2','OB2-01','PLC1112','0','0','Cycles',NULL)
INSERT INTO [dbo].[MDS_MAINTENANCE_STATUS] ([TIME_STAMP], [SUBSYSTEM], [EQUIP_ID], [PLC_ZONE], [CURRENT_VALUE], [TOTAL_VALUE], [UNIT],[IFIX_NODE]) 
		VALUES (GETDATE(),'OB2','OB2-02','PLC1112','0','0','Hours',NULL)
INSERT INTO [dbo].[MDS_MAINTENANCE_STATUS] ([TIME_STAMP], [SUBSYSTEM], [EQUIP_ID], [PLC_ZONE], [CURRENT_VALUE], [TOTAL_VALUE], [UNIT],[IFIX_NODE]) 
		VALUES (GETDATE(),'OB2','OB2-03','PLC1112','0','0','Hours',NULL)
INSERT INTO [dbo].[MDS_MAINTENANCE_STATUS] ([TIME_STAMP], [SUBSYSTEM], [EQUIP_ID], [PLC_ZONE], [CURRENT_VALUE], [TOTAL_VALUE], [UNIT],[IFIX_NODE]) 
		VALUES (GETDATE(),'OB2','OB2-04','PLC1112','0','0','Hours',NULL)
INSERT INTO [dbo].[MDS_MAINTENANCE_STATUS] ([TIME_STAMP], [SUBSYSTEM], [EQUIP_ID], [PLC_ZONE], [CURRENT_VALUE], [TOTAL_VALUE], [UNIT],[IFIX_NODE]) 
		VALUES (GETDATE(),'OB2','OB2-05','PLC1112','0','0','Hours',NULL)
INSERT INTO [dbo].[MDS_MAINTENANCE_STATUS] ([TIME_STAMP], [SUBSYSTEM], [EQUIP_ID], [PLC_ZONE], [CURRENT_VALUE], [TOTAL_VALUE], [UNIT],[IFIX_NODE]) 
		VALUES (GETDATE(),'OB2','OB2-C-M1','PLC1112','0','0','Hours',NULL)
INSERT INTO [dbo].[MDS_MAINTENANCE_STATUS] ([TIME_STAMP], [SUBSYSTEM], [EQUIP_ID], [PLC_ZONE], [CURRENT_VALUE], [TOTAL_VALUE], [UNIT],[IFIX_NODE]) 
		VALUES (GETDATE(),'OB2','OB2-C-M2','PLC1112','0','0','Hours',NULL)
--OB3-GROUP
INSERT INTO [dbo].[MDS_MAINTENANCE_STATUS] ([TIME_STAMP], [SUBSYSTEM], [EQUIP_ID], [PLC_ZONE], [CURRENT_VALUE], [TOTAL_VALUE], [UNIT],[IFIX_NODE]) 
	VALUES (GETDATE(),'OB3','OB3-01','PLC1112','0','0','Cycles',NULL)
INSERT INTO [dbo].[MDS_MAINTENANCE_STATUS] ([TIME_STAMP], [SUBSYSTEM], [EQUIP_ID], [PLC_ZONE], [CURRENT_VALUE], [TOTAL_VALUE], [UNIT],[IFIX_NODE]) 
		VALUES (GETDATE(),'OB3','OB3-02','PLC1112','0','0','Hours',NULL)
INSERT INTO [dbo].[MDS_MAINTENANCE_STATUS] ([TIME_STAMP], [SUBSYSTEM], [EQUIP_ID], [PLC_ZONE], [CURRENT_VALUE], [TOTAL_VALUE], [UNIT],[IFIX_NODE]) 
		VALUES (GETDATE(),'OB3','OB3-03','PLC1112','0','0','Hours',NULL)
INSERT INTO [dbo].[MDS_MAINTENANCE_STATUS] ([TIME_STAMP], [SUBSYSTEM], [EQUIP_ID], [PLC_ZONE], [CURRENT_VALUE], [TOTAL_VALUE], [UNIT],[IFIX_NODE]) 
		VALUES (GETDATE(),'OB3','OB3-04','PLC1112','0','0','Hours',NULL)
INSERT INTO [dbo].[MDS_MAINTENANCE_STATUS] ([TIME_STAMP], [SUBSYSTEM], [EQUIP_ID], [PLC_ZONE], [CURRENT_VALUE], [TOTAL_VALUE], [UNIT],[IFIX_NODE]) 
		VALUES (GETDATE(),'OB3','OB3-05','PLC1112','0','0','Hours',NULL)
INSERT INTO [dbo].[MDS_MAINTENANCE_STATUS] ([TIME_STAMP], [SUBSYSTEM], [EQUIP_ID], [PLC_ZONE], [CURRENT_VALUE], [TOTAL_VALUE], [UNIT],[IFIX_NODE]) 
		VALUES (GETDATE(),'OB3','OB3-06','PLC1112','0','0','Hours',NULL)
INSERT INTO [dbo].[MDS_MAINTENANCE_STATUS] ([TIME_STAMP], [SUBSYSTEM], [EQUIP_ID], [PLC_ZONE], [CURRENT_VALUE], [TOTAL_VALUE], [UNIT],[IFIX_NODE]) 
		VALUES (GETDATE(),'OB3','OB3-07','PLC1112','0','0','Hours',NULL)
INSERT INTO [dbo].[MDS_MAINTENANCE_STATUS] ([TIME_STAMP], [SUBSYSTEM], [EQUIP_ID], [PLC_ZONE], [CURRENT_VALUE], [TOTAL_VALUE], [UNIT],[IFIX_NODE]) 
		VALUES (GETDATE(),'OB3','OB3-C-M1','PLC1112','0','0','Hours',NULL)
INSERT INTO [dbo].[MDS_MAINTENANCE_STATUS] ([TIME_STAMP], [SUBSYSTEM], [EQUIP_ID], [PLC_ZONE], [CURRENT_VALUE], [TOTAL_VALUE], [UNIT],[IFIX_NODE]) 
		VALUES (GETDATE(),'OB3','OB3-C-M2','PLC1112','0','0','Hours',NULL)
--TB-GROUP
INSERT INTO [dbo].[MDS_MAINTENANCE_STATUS] ([TIME_STAMP],[SUBSYSTEM], [EQUIP_ID], [PLC_ZONE], [CURRENT_VALUE], [TOTAL_VALUE], [UNIT],[IFIX_NODE]) 
		VALUES (GETDATE(),'TB','TB-01','PLC1112','0','0','Cycles',NULL)
INSERT INTO [dbo].[MDS_MAINTENANCE_STATUS] ([TIME_STAMP], [SUBSYSTEM], [EQUIP_ID], [PLC_ZONE], [CURRENT_VALUE], [TOTAL_VALUE], [UNIT],[IFIX_NODE]) 
		VALUES (GETDATE(),'TB','TB-02','PLC1112','0','0','Hours',NULL)
INSERT INTO [dbo].[MDS_MAINTENANCE_STATUS] ([TIME_STAMP], [SUBSYSTEM], [EQUIP_ID], [PLC_ZONE], [CURRENT_VALUE], [TOTAL_VALUE], [UNIT],[IFIX_NODE]) 
		VALUES (GETDATE(),'TB','TB-03','PLC1112','0','0','Hours',NULL)
INSERT INTO [dbo].[MDS_MAINTENANCE_STATUS] ([TIME_STAMP], [SUBSYSTEM], [EQUIP_ID], [PLC_ZONE], [CURRENT_VALUE], [TOTAL_VALUE], [UNIT],[IFIX_NODE]) 
		VALUES (GETDATE(),'TB','TB-04','PLC1112','0','0','Hours',NULL)
INSERT INTO [dbo].[MDS_MAINTENANCE_STATUS] ([TIME_STAMP], [SUBSYSTEM], [EQUIP_ID], [PLC_ZONE], [CURRENT_VALUE], [TOTAL_VALUE], [UNIT],[IFIX_NODE]) 
		VALUES (GETDATE(),'TB','TB-05','PLC1112','0','0','Hours',NULL)
INSERT INTO [dbo].[MDS_MAINTENANCE_STATUS] ([TIME_STAMP], [SUBSYSTEM], [EQUIP_ID], [PLC_ZONE], [CURRENT_VALUE], [TOTAL_VALUE], [UNIT],[IFIX_NODE]) 
		VALUES (GETDATE(),'TB','TB-06','PLC1112','0','0','Hours',NULL)
INSERT INTO [dbo].[MDS_MAINTENANCE_STATUS] ([TIME_STAMP], [SUBSYSTEM], [EQUIP_ID], [PLC_ZONE], [CURRENT_VALUE], [TOTAL_VALUE], [UNIT],[IFIX_NODE]) 
		VALUES (GETDATE(),'TB','TB-07','PLC1112','0','0','Hours',NULL)
INSERT INTO [dbo].[MDS_MAINTENANCE_STATUS] ([TIME_STAMP], [SUBSYSTEM], [EQUIP_ID], [PLC_ZONE], [CURRENT_VALUE], [TOTAL_VALUE], [UNIT],[IFIX_NODE]) 
		VALUES (GETDATE(),'TB','TB-08','PLC1112','0','0','Hours',NULL)
INSERT INTO [dbo].[MDS_MAINTENANCE_STATUS] ([TIME_STAMP], [SUBSYSTEM], [EQUIP_ID], [PLC_ZONE], [CURRENT_VALUE], [TOTAL_VALUE], [UNIT],[IFIX_NODE]) 
		VALUES (GETDATE(),'TB','TB-09','PLC1112','0','0','Hours',NULL)
INSERT INTO [dbo].[MDS_MAINTENANCE_STATUS] ([TIME_STAMP], [SUBSYSTEM], [EQUIP_ID], [PLC_ZONE], [CURRENT_VALUE], [TOTAL_VALUE], [UNIT],[IFIX_NODE]) 
		VALUES (GETDATE(),'TB','TB-10','PLC1112','0','0','Hours',NULL)
INSERT INTO [dbo].[MDS_MAINTENANCE_STATUS] ([TIME_STAMP], [SUBSYSTEM], [EQUIP_ID], [PLC_ZONE], [CURRENT_VALUE], [TOTAL_VALUE], [UNIT],[IFIX_NODE]) 
		VALUES (GETDATE(),'TB','TB-11','PLC1112','0','0','Hours',NULL)
INSERT INTO [dbo].[MDS_MAINTENANCE_STATUS] ([TIME_STAMP], [SUBSYSTEM], [EQUIP_ID], [PLC_ZONE], [CURRENT_VALUE], [TOTAL_VALUE], [UNIT],[IFIX_NODE]) 
		VALUES (GETDATE(),'TB','TB-12','PLC1112','0','0','Hours',NULL)
INSERT INTO [dbo].[MDS_MAINTENANCE_STATUS] ([TIME_STAMP], [SUBSYSTEM], [EQUIP_ID], [PLC_ZONE], [CURRENT_VALUE], [TOTAL_VALUE], [UNIT],[IFIX_NODE]) 
		VALUES (GETDATE(),'TB','TB-13','PLC1112','0','0','Hours',NULL)
INSERT INTO [dbo].[MDS_MAINTENANCE_STATUS] ([TIME_STAMP], [SUBSYSTEM], [EQUIP_ID], [PLC_ZONE], [CURRENT_VALUE], [TOTAL_VALUE], [UNIT],[IFIX_NODE]) 
		VALUES (GETDATE(),'TB','TB-14','PLC1112','0','0','Hours',NULL)
INSERT INTO [dbo].[MDS_MAINTENANCE_STATUS] ([TIME_STAMP], [SUBSYSTEM], [EQUIP_ID], [PLC_ZONE], [CURRENT_VALUE], [TOTAL_VALUE], [UNIT],[IFIX_NODE]) 
		VALUES (GETDATE(),'TB','TB-15','PLC1112','0','0','Hours',NULL)
INSERT INTO [dbo].[MDS_MAINTENANCE_STATUS] ([TIME_STAMP], [SUBSYSTEM], [EQUIP_ID], [PLC_ZONE], [CURRENT_VALUE], [TOTAL_VALUE], [UNIT],[IFIX_NODE]) 
		VALUES (GETDATE(),'TB','TB-16','PLC1112','0','0','Hours',NULL)
INSERT INTO [dbo].[MDS_MAINTENANCE_STATUS] ([TIME_STAMP], [SUBSYSTEM], [EQUIP_ID], [PLC_ZONE], [CURRENT_VALUE], [TOTAL_VALUE], [UNIT],[IFIX_NODE]) 
		VALUES (GETDATE(),'TB','TB-17','PLC1112','0','0','Hours',NULL)
INSERT INTO [dbo].[MDS_MAINTENANCE_STATUS] ([TIME_STAMP], [SUBSYSTEM], [EQUIP_ID], [PLC_ZONE], [CURRENT_VALUE], [TOTAL_VALUE], [UNIT],[IFIX_NODE]) 
		VALUES (GETDATE(),'TB','TB-C-M1','PLC1112','0','0','Hours',NULL)
INSERT INTO [dbo].[MDS_MAINTENANCE_STATUS] ([TIME_STAMP], [SUBSYSTEM], [EQUIP_ID], [PLC_ZONE], [CURRENT_VALUE], [TOTAL_VALUE], [UNIT],[IFIX_NODE]) 
		VALUES (GETDATE(),'TB','TB-C-M2','PLC1112','0','0','Hours',NULL)
--TB1-GROUP		
INSERT INTO [dbo].[MDS_MAINTENANCE_STATUS] ([TIME_STAMP],[SUBSYSTEM], [EQUIP_ID], [PLC_ZONE], [CURRENT_VALUE], [TOTAL_VALUE], [UNIT],[IFIX_NODE]) 
		VALUES (GETDATE(),'TB1','TB1-01','PLC1112','0','0','Cycles',NULL)
INSERT INTO [dbo].[MDS_MAINTENANCE_STATUS] ([TIME_STAMP], [SUBSYSTEM], [EQUIP_ID], [PLC_ZONE], [CURRENT_VALUE], [TOTAL_VALUE], [UNIT],[IFIX_NODE]) 
		VALUES (GETDATE(),'TB1','TB1-02','PLC1112','0','0','Hours',NULL)
INSERT INTO [dbo].[MDS_MAINTENANCE_STATUS] ([TIME_STAMP], [SUBSYSTEM], [EQUIP_ID], [PLC_ZONE], [CURRENT_VALUE], [TOTAL_VALUE], [UNIT],[IFIX_NODE]) 
		VALUES (GETDATE(),'TB1','TB1-03','PLC1112','0','0','Hours',NULL)
INSERT INTO [dbo].[MDS_MAINTENANCE_STATUS] ([TIME_STAMP], [SUBSYSTEM], [EQUIP_ID], [PLC_ZONE], [CURRENT_VALUE], [TOTAL_VALUE], [UNIT],[IFIX_NODE]) 
		VALUES (GETDATE(),'TB1','TB1-04','PLC1112','0','0','Hours',NULL)
INSERT INTO [dbo].[MDS_MAINTENANCE_STATUS] ([TIME_STAMP], [SUBSYSTEM], [EQUIP_ID], [PLC_ZONE], [CURRENT_VALUE], [TOTAL_VALUE], [UNIT],[IFIX_NODE]) 
		VALUES (GETDATE(),'TB1','TB1-05','PLC1112','0','0','Hours',NULL)
INSERT INTO [dbo].[MDS_MAINTENANCE_STATUS] ([TIME_STAMP], [SUBSYSTEM], [EQUIP_ID], [PLC_ZONE], [CURRENT_VALUE], [TOTAL_VALUE], [UNIT],[IFIX_NODE]) 
		VALUES (GETDATE(),'TB1','TB1-06','PLC1112','0','0','Hours',NULL)
INSERT INTO [dbo].[MDS_MAINTENANCE_STATUS] ([TIME_STAMP], [SUBSYSTEM], [EQUIP_ID], [PLC_ZONE], [CURRENT_VALUE], [TOTAL_VALUE], [UNIT],[IFIX_NODE]) 
		VALUES (GETDATE(),'TB1','TB1-07','PLC1112','0','0','Hours',NULL)		
--EQUIPMENT-CYCLES
--PLC0102
INSERT INTO [dbo].[MDS_MAINTENANCE_STATUS] ([TIME_STAMP],[SUBSYSTEM], [EQUIP_ID], [PLC_ZONE], [CURRENT_VALUE], [TOTAL_VALUE], [UNIT],[IFIX_NODE]) 
		VALUES (GETDATE(),'TC1','TC1-R1','PLC0102','0','0','Cycles',NULL)
INSERT INTO [dbo].[MDS_MAINTENANCE_STATUS] ([TIME_STAMP],[SUBSYSTEM], [EQUIP_ID], [PLC_ZONE], [CURRENT_VALUE], [TOTAL_VALUE], [UNIT],[IFIX_NODE]) 
		VALUES (GETDATE(),'TC1','TC1-R2','PLC0102','0','0','Cycles',NULL)
INSERT INTO [dbo].[MDS_MAINTENANCE_STATUS] ([TIME_STAMP],[SUBSYSTEM], [EQUIP_ID], [PLC_ZONE], [CURRENT_VALUE], [TOTAL_VALUE], [UNIT],[IFIX_NODE]) 
		VALUES (GETDATE(),'TC1','TC1-R3','PLC0102','0','0','Cycles',NULL)
INSERT INTO [dbo].[MDS_MAINTENANCE_STATUS] ([TIME_STAMP],[SUBSYSTEM], [EQUIP_ID], [PLC_ZONE], [CURRENT_VALUE], [TOTAL_VALUE], [UNIT],[IFIX_NODE]) 
		VALUES (GETDATE(),'TC1','TC1-R4','PLC0102','0','0','Cycles',NULL)
INSERT INTO [dbo].[MDS_MAINTENANCE_STATUS] ([TIME_STAMP],[SUBSYSTEM], [EQUIP_ID], [PLC_ZONE], [CURRENT_VALUE], [TOTAL_VALUE], [UNIT],[IFIX_NODE]) 
		VALUES (GETDATE(),'TC2','TC2-R1','PLC0102','0','0','Cycles',NULL)
INSERT INTO [dbo].[MDS_MAINTENANCE_STATUS] ([TIME_STAMP],[SUBSYSTEM], [EQUIP_ID], [PLC_ZONE], [CURRENT_VALUE], [TOTAL_VALUE], [UNIT],[IFIX_NODE]) 
		VALUES (GETDATE(),'TC2','TC2-R2','PLC0102','0','0','Cycles',NULL)
INSERT INTO [dbo].[MDS_MAINTENANCE_STATUS] ([TIME_STAMP],[SUBSYSTEM], [EQUIP_ID], [PLC_ZONE], [CURRENT_VALUE], [TOTAL_VALUE], [UNIT],[IFIX_NODE]) 
		VALUES (GETDATE(),'TCX','TCX-R1','PLC0102','0','0','Cycles',NULL)
INSERT INTO [dbo].[MDS_MAINTENANCE_STATUS] ([TIME_STAMP],[SUBSYSTEM], [EQUIP_ID], [PLC_ZONE], [CURRENT_VALUE], [TOTAL_VALUE], [UNIT],[IFIX_NODE]) 
		VALUES (GETDATE(),'TC1','TC1-20A-PD','PLC0102','0','0','Cycles',NULL)
INSERT INTO [dbo].[MDS_MAINTENANCE_STATUS] ([TIME_STAMP],[SUBSYSTEM], [EQUIP_ID], [PLC_ZONE], [CURRENT_VALUE], [TOTAL_VALUE], [UNIT],[IFIX_NODE]) 
		VALUES (GETDATE(),'TC2','TC2-18A-PD','PLC0102','0','0','Cycles',NULL)
INSERT INTO [dbo].[MDS_MAINTENANCE_STATUS] ([TIME_STAMP], [SUBSYSTEM], [EQUIP_ID], [PLC_ZONE], [CURRENT_VALUE], [TOTAL_VALUE], [UNIT],[IFIX_NODE]) 
		VALUES (GETDATE(),'OS1','OS1-R1','PLC0102','0','0','Cycles',NULL)		
INSERT INTO [dbo].[MDS_MAINTENANCE_STATUS] ([TIME_STAMP], [SUBSYSTEM], [EQUIP_ID], [PLC_ZONE], [CURRENT_VALUE], [TOTAL_VALUE], [UNIT],[IFIX_NODE]) 
		VALUES (GETDATE(),'OS1','OS1-R2','PLC0102','0','0','Cycles',NULL)
INSERT INTO [dbo].[MDS_MAINTENANCE_STATUS] ([TIME_STAMP], [SUBSYSTEM], [EQUIP_ID], [PLC_ZONE], [CURRENT_VALUE], [TOTAL_VALUE], [UNIT],[IFIX_NODE]) 
		VALUES (GETDATE(),'TC1','TC1-20A','PLC0102','0','0','Cycles',NULL)
INSERT INTO [dbo].[MDS_MAINTENANCE_STATUS] ([TIME_STAMP], [SUBSYSTEM], [EQUIP_ID], [PLC_ZONE], [CURRENT_VALUE], [TOTAL_VALUE], [UNIT],[IFIX_NODE]) 
		VALUES (GETDATE(),'TC2','TC2-18A','PLC0102','0','0','Cycles',NULL)
INSERT INTO [dbo].[MDS_MAINTENANCE_STATUS] ([TIME_STAMP], [SUBSYSTEM], [EQUIP_ID], [PLC_ZONE], [CURRENT_VALUE], [TOTAL_VALUE], [UNIT],[IFIX_NODE]) 
		VALUES (GETDATE(),'OS2','OS2-R1','PLC0102','0','0','Cycles',NULL)
INSERT INTO [dbo].[MDS_MAINTENANCE_STATUS] ([TIME_STAMP], [SUBSYSTEM], [EQUIP_ID], [PLC_ZONE], [CURRENT_VALUE], [TOTAL_VALUE], [UNIT],[IFIX_NODE]) 
		VALUES (GETDATE(),'OS2','OS2-R2','PLC0102','0','0','Cycles',NULL)
--PLC0304
INSERT INTO [dbo].[MDS_MAINTENANCE_STATUS] ([TIME_STAMP],[SUBSYSTEM], [EQUIP_ID], [PLC_ZONE], [CURRENT_VALUE], [TOTAL_VALUE], [UNIT],[IFIX_NODE]) 
		VALUES (GETDATE(),'SS1','SS1-10','PLC0304','0','0','Cycles',NULL)
INSERT INTO [dbo].[MDS_MAINTENANCE_STATUS] ([TIME_STAMP],[SUBSYSTEM], [EQUIP_ID], [PLC_ZONE], [CURRENT_VALUE], [TOTAL_VALUE], [UNIT],[IFIX_NODE]) 
		VALUES (GETDATE(),'SS2','SS2-10','PLC0304','0','0','Cycles',NULL)
INSERT INTO [dbo].[MDS_MAINTENANCE_STATUS] ([TIME_STAMP],[SUBSYSTEM], [EQUIP_ID], [PLC_ZONE], [CURRENT_VALUE], [TOTAL_VALUE], [UNIT],[IFIX_NODE]) 
		VALUES (GETDATE(),'SS1L3','SS1L3-03A-PD','PLC0304','0','0','Cycles',NULL)
INSERT INTO [dbo].[MDS_MAINTENANCE_STATUS] ([TIME_STAMP],[SUBSYSTEM], [EQUIP_ID], [PLC_ZONE], [CURRENT_VALUE], [TOTAL_VALUE], [UNIT],[IFIX_NODE]) 
		VALUES (GETDATE(),'SS2L3','SS2L3-02A-PD','PLC0304','0','0','Cycles',NULL)
INSERT INTO [dbo].[MDS_MAINTENANCE_STATUS] ([TIME_STAMP], [SUBSYSTEM], [EQUIP_ID], [PLC_ZONE], [CURRENT_VALUE], [TOTAL_VALUE], [UNIT],[IFIX_NODE]) 
		VALUES (GETDATE(),'SS2L3','SS2L3-02A','PLC0304','0','0','Cycles',NULL)
--PLC0506
INSERT INTO [dbo].[MDS_MAINTENANCE_STATUS] ([TIME_STAMP],[SUBSYSTEM], [EQUIP_ID], [PLC_ZONE], [CURRENT_VALUE], [TOTAL_VALUE], [UNIT],[IFIX_NODE]) 
		VALUES (GETDATE(),'SS1L3','SS1L3-17','PLC0506','0','0','Cycles',NULL)
INSERT INTO [dbo].[MDS_MAINTENANCE_STATUS] ([TIME_STAMP],[SUBSYSTEM], [EQUIP_ID], [PLC_ZONE], [CURRENT_VALUE], [TOTAL_VALUE], [UNIT],[IFIX_NODE]) 
		VALUES (GETDATE(),'SS2L3','SS2L3-15','PLC0506','0','0','Cycles',NULL)
INSERT INTO [dbo].[MDS_MAINTENANCE_STATUS] ([TIME_STAMP],[SUBSYSTEM], [EQUIP_ID], [PLC_ZONE], [CURRENT_VALUE], [TOTAL_VALUE], [UNIT],[IFIX_NODE]) 
		VALUES (GETDATE(),'SS2L3U','SS2L3U-R2','PLC0506','0','0','Cycles',NULL)
--PLC0708
INSERT INTO [dbo].[MDS_MAINTENANCE_STATUS] ([TIME_STAMP],[SUBSYSTEM], [EQUIP_ID], [PLC_ZONE], [CURRENT_VALUE], [TOTAL_VALUE], [UNIT],[IFIX_NODE]) 
	VALUES (GETDATE(),'ME','ME-01','PLC0708','0','0','Cycles',NULL)
INSERT INTO [dbo].[MDS_MAINTENANCE_STATUS] ([TIME_STAMP],[SUBSYSTEM], [EQUIP_ID], [PLC_ZONE], [CURRENT_VALUE], [TOTAL_VALUE], [UNIT],[IFIX_NODE]) 
		VALUES (GETDATE(),'ME','ME-PU','PLC0708','0','0','Cycles',NULL)
--PLC0910
INSERT INTO [dbo].[MDS_MAINTENANCE_STATUS] ([TIME_STAMP],[SUBSYSTEM], [EQUIP_ID], [PLC_ZONE], [CURRENT_VALUE], [TOTAL_VALUE], [UNIT],[IFIX_NODE]) 
		VALUES (GETDATE(),'C1','C1-R1','PLC0910','0','0','Cycles',NULL)
INSERT INTO [dbo].[MDS_MAINTENANCE_STATUS] ([TIME_STAMP],[SUBSYSTEM], [EQUIP_ID], [PLC_ZONE], [CURRENT_VALUE], [TOTAL_VALUE], [UNIT],[IFIX_NODE]) 
		VALUES (GETDATE(),'C1','C1-R2','PLC0910','0','0','Cycles',NULL)
INSERT INTO [dbo].[MDS_MAINTENANCE_STATUS] ([TIME_STAMP],[SUBSYSTEM], [EQUIP_ID], [PLC_ZONE], [CURRENT_VALUE], [TOTAL_VALUE], [UNIT],[IFIX_NODE]) 
		VALUES (GETDATE(),'C2','C2-R1','PLC0910','0','0','Cycles',NULL)
INSERT INTO [dbo].[MDS_MAINTENANCE_STATUS] ([TIME_STAMP],[SUBSYSTEM], [EQUIP_ID], [PLC_ZONE], [CURRENT_VALUE], [TOTAL_VALUE], [UNIT],[IFIX_NODE]) 
		VALUES (GETDATE(),'C2','C2-R2','PLC0910','0','0','Cycles',NULL)
INSERT INTO [dbo].[MDS_MAINTENANCE_STATUS] ([TIME_STAMP],[SUBSYSTEM], [EQUIP_ID], [PLC_ZONE], [CURRENT_VALUE], [TOTAL_VALUE], [UNIT],[IFIX_NODE]) 
		VALUES (GETDATE(),'C2','C2-R3','PLC0910','0','0','Cycles',NULL)
INSERT INTO [dbo].[MDS_MAINTENANCE_STATUS] ([TIME_STAMP],[SUBSYSTEM], [EQUIP_ID], [PLC_ZONE], [CURRENT_VALUE], [TOTAL_VALUE], [UNIT],[IFIX_NODE]) 
		VALUES (GETDATE(),'C2','C2-R4','PLC0910','0','0','Cycles',NULL)
INSERT INTO [dbo].[MDS_MAINTENANCE_STATUS] ([TIME_STAMP],[SUBSYSTEM], [EQUIP_ID], [PLC_ZONE], [CURRENT_VALUE], [TOTAL_VALUE], [UNIT],[IFIX_NODE]) 
		VALUES (GETDATE(),'C3','C3-R1','PLC0910','0','0','Cycles',NULL)
INSERT INTO [dbo].[MDS_MAINTENANCE_STATUS] ([TIME_STAMP],[SUBSYSTEM], [EQUIP_ID], [PLC_ZONE], [CURRENT_VALUE], [TOTAL_VALUE], [UNIT],[IFIX_NODE]) 
		VALUES (GETDATE(),'C3','C3-R2','PLC0910','0','0','Cycles',NULL)
INSERT INTO [dbo].[MDS_MAINTENANCE_STATUS] ([TIME_STAMP],[SUBSYSTEM], [EQUIP_ID], [PLC_ZONE], [CURRENT_VALUE], [TOTAL_VALUE], [UNIT],[IFIX_NODE]) 
		VALUES (GETDATE(),'C3','C3-R3','PLC0910','0','0','Cycles',NULL)
INSERT INTO [dbo].[MDS_MAINTENANCE_STATUS] ([TIME_STAMP],[SUBSYSTEM], [EQUIP_ID], [PLC_ZONE], [CURRENT_VALUE], [TOTAL_VALUE], [UNIT],[IFIX_NODE]) 
		VALUES (GETDATE(),'C4','C4-R1','PLC0910','0','0','Cycles',NULL)
INSERT INTO [dbo].[MDS_MAINTENANCE_STATUS] ([TIME_STAMP],[SUBSYSTEM], [EQUIP_ID], [PLC_ZONE], [CURRENT_VALUE], [TOTAL_VALUE], [UNIT],[IFIX_NODE]) 
		VALUES (GETDATE(),'C4','C4-R2','PLC0910','0','0','Cycles',NULL)
INSERT INTO [dbo].[MDS_MAINTENANCE_STATUS] ([TIME_STAMP],[SUBSYSTEM], [EQUIP_ID], [PLC_ZONE], [CURRENT_VALUE], [TOTAL_VALUE], [UNIT],[IFIX_NODE]) 
		VALUES (GETDATE(),'C4','C4-R3','PLC0910','0','0','Cycles',NULL)
INSERT INTO [dbo].[MDS_MAINTENANCE_STATUS] ([TIME_STAMP],[SUBSYSTEM], [EQUIP_ID], [PLC_ZONE], [CURRENT_VALUE], [TOTAL_VALUE], [UNIT],[IFIX_NODE]) 
		VALUES (GETDATE(),'C5','C5-R1','PLC0910','0','0','Cycles',NULL)
INSERT INTO [dbo].[MDS_MAINTENANCE_STATUS] ([TIME_STAMP],[SUBSYSTEM], [EQUIP_ID], [PLC_ZONE], [CURRENT_VALUE], [TOTAL_VALUE], [UNIT],[IFIX_NODE]) 
		VALUES (GETDATE(),'C5','C5-R2','PLC0910','0','0','Cycles',NULL)
INSERT INTO [dbo].[MDS_MAINTENANCE_STATUS] ([TIME_STAMP],[SUBSYSTEM], [EQUIP_ID], [PLC_ZONE], [CURRENT_VALUE], [TOTAL_VALUE], [UNIT],[IFIX_NODE]) 
		VALUES (GETDATE(),'C5','C5-R3','PLC0910','0','0','Cycles',NULL)
--PLC1112
INSERT INTO [dbo].[MDS_MAINTENANCE_STATUS] ([TIME_STAMP],[SUBSYSTEM], [EQUIP_ID], [PLC_ZONE], [CURRENT_VALUE], [TOTAL_VALUE], [UNIT],[IFIX_NODE]) 
		VALUES (GETDATE(),'TB','TB-R1','PLC1112','0','0','Cycles',NULL)
INSERT INTO [dbo].[MDS_MAINTENANCE_STATUS] ([TIME_STAMP],[SUBSYSTEM], [EQUIP_ID], [PLC_ZONE], [CURRENT_VALUE], [TOTAL_VALUE], [UNIT],[IFIX_NODE]) 
		VALUES (GETDATE(),'TB','TB-R2','PLC1112','0','0','Cycles',NULL)
INSERT INTO [dbo].[MDS_MAINTENANCE_STATUS] ([TIME_STAMP],[SUBSYSTEM], [EQUIP_ID], [PLC_ZONE], [CURRENT_VALUE], [TOTAL_VALUE], [UNIT],[IFIX_NODE]) 
		VALUES (GETDATE(),'TB','TB-PU','PLC1112','0','0','Cycles',NULL)
INSERT INTO [dbo].[MDS_MAINTENANCE_STATUS] ([TIME_STAMP],[SUBSYSTEM], [EQUIP_ID], [PLC_ZONE], [CURRENT_VALUE], [TOTAL_VALUE], [UNIT],[IFIX_NODE]) 
		VALUES (GETDATE(),'OB1','OB1-PU','PLC1112','0','0','Cycles',NULL)
INSERT INTO [dbo].[MDS_MAINTENANCE_STATUS] ([TIME_STAMP],[SUBSYSTEM], [EQUIP_ID], [PLC_ZONE], [CURRENT_VALUE], [TOTAL_VALUE], [UNIT],[IFIX_NODE]) 
		VALUES (GETDATE(),'OB2','OB2-PU','PLC1112','0','0','Cycles',NULL)
INSERT INTO [dbo].[MDS_MAINTENANCE_STATUS] ([TIME_STAMP],[SUBSYSTEM], [EQUIP_ID], [PLC_ZONE], [CURRENT_VALUE], [TOTAL_VALUE], [UNIT],[IFIX_NODE]) 
		VALUES (GETDATE(),'OB3','OB3-PU','PLC1112','0','0','Cycles',NULL)
INSERT INTO [dbo].[MDS_MAINTENANCE_STATUS] ([TIME_STAMP],[SUBSYSTEM], [EQUIP_ID], [PLC_ZONE], [CURRENT_VALUE], [TOTAL_VALUE], [UNIT],[IFIX_NODE]) 
		VALUES (GETDATE(),'TB1','TB1-R1','PLC1112','0','0','Cycles',NULL)
		
INSERT INTO [dbo].[MDS_MAINTENANCE_STATUS] ([TIME_STAMP], [SUBSYSTEM], [EQUIP_ID], [PLC_ZONE], [CURRENT_VALUE], [TOTAL_VALUE], [UNIT],[IFIX_NODE]) 
		VALUES (GETDATE(),'OB1','OB1-C','PLC1112','0','0','Hours',NULL)
		
INSERT INTO [dbo].[MDS_MAINTENANCE_STATUS] ([TIME_STAMP], [SUBSYSTEM], [EQUIP_ID], [PLC_ZONE], [CURRENT_VALUE], [TOTAL_VALUE], [UNIT],[IFIX_NODE]) 
VALUES (GETDATE(),'OB2','OB2-C','PLC1112','0','0','Hours',NULL)

INSERT INTO [dbo].[MDS_MAINTENANCE_STATUS] ([TIME_STAMP], [SUBSYSTEM], [EQUIP_ID], [PLC_ZONE], [CURRENT_VALUE], [TOTAL_VALUE], [UNIT],[IFIX_NODE]) 
VALUES (GETDATE(),'TB','TB-C','PLC1112','0','0','Hours',NULL)

INSERT INTO [dbo].[MDS_MAINTENANCE_STATUS] ([TIME_STAMP], [SUBSYSTEM], [EQUIP_ID], [PLC_ZONE], [CURRENT_VALUE], [TOTAL_VALUE], [UNIT],[IFIX_NODE]) 
VALUES (GETDATE(),'OB3','OB3-C','PLC1112','0','0','Hours',NULL)

INSERT INTO [dbo].[MDS_MAINTENANCE_STATUS] ([TIME_STAMP], [SUBSYSTEM], [EQUIP_ID], [PLC_ZONE], [CURRENT_VALUE], [TOTAL_VALUE], [UNIT],[IFIX_NODE]) 
		VALUES (GETDATE(),'C1','C1-C','PLC0910','0','0','Hours',NULL)
		
INSERT INTO [dbo].[MDS_MAINTENANCE_STATUS] ([TIME_STAMP], [SUBSYSTEM], [EQUIP_ID], [PLC_ZONE], [CURRENT_VALUE], [TOTAL_VALUE], [UNIT],[IFIX_NODE]) 
VALUES (GETDATE(),'C2','C2-C','PLC0910','0','0','Hours',NULL)

INSERT INTO [dbo].[MDS_MAINTENANCE_STATUS] ([TIME_STAMP], [SUBSYSTEM], [EQUIP_ID], [PLC_ZONE], [CURRENT_VALUE], [TOTAL_VALUE], [UNIT],[IFIX_NODE]) 
VALUES (GETDATE(),'C3','C3-C','PLC0910','0','0','Hours',NULL)

INSERT INTO [dbo].[MDS_MAINTENANCE_STATUS] ([TIME_STAMP], [SUBSYSTEM], [EQUIP_ID], [PLC_ZONE], [CURRENT_VALUE], [TOTAL_VALUE], [UNIT],[IFIX_NODE]) 
VALUES (GETDATE(),'C4','C4-C','PLC0910','0','0','Hours',NULL)

INSERT INTO [dbo].[MDS_MAINTENANCE_STATUS] ([TIME_STAMP], [SUBSYSTEM], [EQUIP_ID], [PLC_ZONE], [CURRENT_VALUE], [TOTAL_VALUE], [UNIT],[IFIX_NODE]) 
VALUES (GETDATE(),'C5','C5-C','PLC0910','0','0','Hours',NULL)
GO



/* Insert data into table [REPORT_FAULT_TYPES] */
PRINT 'INFO: Inserting initial records into table [REPORT_FAULT_TYPES]...'
INSERT INTO [dbo].[REPORT_FAULT_TYPES] ([FAULT_TYPE],[DESCRIPTION]) VALUES ('ALARM', 'MDS ALARM')
INSERT INTO [dbo].[REPORT_FAULT_TYPES] ([FAULT_TYPE],[DESCRIPTION]) VALUES ('TEXT', 'MDS MESSAGE')
INSERT INTO [dbo].[REPORT_FAULT_TYPES] ([FAULT_TYPE],[DESCRIPTION]) VALUES ('EVENT', 'MDS EVENT')
INSERT INTO [dbo].[REPORT_FAULT_TYPES] ([FAULT_TYPE],[DESCRIPTION]) VALUES ('SYSTEM', 'iFIX System Message')
INSERT INTO [dbo].[REPORT_FAULT_TYPES] ([FAULT_TYPE],[DESCRIPTION]) VALUES ('OPERATOR', 'Code or Operator write to tag')


/* Insert data into table [REPORT_FAULT] */
PRINT 'INFO: Inserting initial records into table [REPORT_FAULT]...'
INSERT INTO [dbo].[REPORT_FAULT] (FAULT_NAME, FAULT_DESCRIPTION, FAULT_TYPE, FAULT_USED, MDS_USED, CCTV_USED, TIME_STAMP, HELP_ID) VALUES ('AA_ACEN' ,'Security Access Control Status' , 'EVENT', 0, 0, 0, current_timestamp,NULL);
INSERT INTO [dbo].[REPORT_FAULT] (FAULT_NAME, FAULT_DESCRIPTION, FAULT_TYPE, FAULT_USED, MDS_USED, CCTV_USED, TIME_STAMP, HELP_ID) VALUES ('AA_AFILE' ,'iFIX Alarm File Service' , 'TEXT', 0, 0, 0, current_timestamp,NULL);
INSERT INTO [dbo].[REPORT_FAULT] (FAULT_NAME, FAULT_DESCRIPTION, FAULT_TYPE, FAULT_USED, MDS_USED, CCTV_USED, TIME_STAMP, HELP_ID) VALUES ('AA_AODBC' ,'iFIX Alarm ODBC Service' , 'TEXT', 0, 0, 0, current_timestamp,NULL);
INSERT INTO [dbo].[REPORT_FAULT] (FAULT_NAME, FAULT_DESCRIPTION, FAULT_TYPE, FAULT_USED, MDS_USED, CCTV_USED, TIME_STAMP, HELP_ID) VALUES ('AA_APTR1' ,'iFIX Alarm Printer 1 Service' , 'TEXT', 0, 0, 0, current_timestamp,NULL);
INSERT INTO [dbo].[REPORT_FAULT] (FAULT_NAME, FAULT_DESCRIPTION, FAULT_TYPE, FAULT_USED, MDS_USED, CCTV_USED, TIME_STAMP, HELP_ID) VALUES ('AA_ASUMM' ,'iFIX Alarm Summary Service' , 'TEXT', 0, 0, 0, current_timestamp,NULL);
INSERT INTO [dbo].[REPORT_FAULT] (FAULT_NAME, FAULT_DESCRIPTION, FAULT_TYPE, FAULT_USED, MDS_USED, CCTV_USED, TIME_STAMP, HELP_ID) VALUES ('AA_ARAL' ,'Automatic Tag Reader Alarm' , 'ALARM', 1, 1, 1, current_timestamp,NULL);
INSERT INTO [dbo].[REPORT_FAULT] (FAULT_NAME, FAULT_DESCRIPTION, FAULT_TYPE, FAULT_USED, MDS_USED, CCTV_USED, TIME_STAMP, HELP_ID) VALUES ('AA_ASIF' ,'ASI Module Fault' , 'ALARM', 1, 1, 1, current_timestamp,NULL);
INSERT INTO [dbo].[REPORT_FAULT] (FAULT_NAME, FAULT_DESCRIPTION, FAULT_TYPE, FAULT_USED, MDS_USED, CCTV_USED, TIME_STAMP, HELP_ID) VALUES ('AA_AUDI' ,'Security - User Log In/Out' , 'EVENT', 0, 0, 0, current_timestamp,NULL);
INSERT INTO [dbo].[REPORT_FAULT] (FAULT_NAME, FAULT_DESCRIPTION, FAULT_TYPE, FAULT_USED, MDS_USED, CCTV_USED, TIME_STAMP, HELP_ID) VALUES ('AA_BCNT' ,'Bag Count Information' , 'TEXT', 0, 0, 0, current_timestamp,NULL);
INSERT INTO [dbo].[REPORT_FAULT] (FAULT_NAME, FAULT_DESCRIPTION, FAULT_TYPE, FAULT_USED, MDS_USED, CCTV_USED, TIME_STAMP, HELP_ID) VALUES ('AA_BHS' ,'Baggage Handling System' , 'TEXT', 0, 0, 0, current_timestamp,NULL);
INSERT INTO [dbo].[REPORT_FAULT] (FAULT_NAME, FAULT_DESCRIPTION, FAULT_TYPE, FAULT_USED, MDS_USED, CCTV_USED, TIME_STAMP, HELP_ID) VALUES ('AA_BJAM' ,'Bag Jam/Photo Eye Fault' , 'ALARM', 1, 1, 1, current_timestamp,NULL);
INSERT INTO [dbo].[REPORT_FAULT] (FAULT_NAME, FAULT_DESCRIPTION, FAULT_TYPE, FAULT_USED, MDS_USED, CCTV_USED, TIME_STAMP, HELP_ID) VALUES ('AA_BOVD' ,'Bag Over Width' , 'ALARM', 1, 1, 1, current_timestamp,NULL);
INSERT INTO [dbo].[REPORT_FAULT] (FAULT_NAME, FAULT_DESCRIPTION, FAULT_TYPE, FAULT_USED, MDS_USED, CCTV_USED, TIME_STAMP, HELP_ID) VALUES ('AA_BOVH' ,'Bag Over Height' , 'ALARM', 1, 1, 1, current_timestamp,NULL);
INSERT INTO [dbo].[REPORT_FAULT] (FAULT_NAME, FAULT_DESCRIPTION, FAULT_TYPE, FAULT_USED, MDS_USED, CCTV_USED, TIME_STAMP, HELP_ID) VALUES ('AA_BOVL' ,'Bag Over Length' , 'ALARM', 1, 1, 1, current_timestamp,NULL);
INSERT INTO [dbo].[REPORT_FAULT] (FAULT_NAME, FAULT_DESCRIPTION, FAULT_TYPE, FAULT_USED, MDS_USED, CCTV_USED, TIME_STAMP, HELP_ID) VALUES ('AA_BOVS' ,'Bag Over Size' , 'ALARM', 1, 1, 1, current_timestamp,NULL);
INSERT INTO [dbo].[REPORT_FAULT] (FAULT_NAME, FAULT_DESCRIPTION, FAULT_TYPE, FAULT_USED, MDS_USED, CCTV_USED, TIME_STAMP, HELP_ID) VALUES ('AA_BOVW' ,'Bag Over Weight' , 'ALARM', 0, 0, 0, current_timestamp,NULL);
INSERT INTO [dbo].[REPORT_FAULT] (FAULT_NAME, FAULT_DESCRIPTION, FAULT_TYPE, FAULT_USED, MDS_USED, CCTV_USED, TIME_STAMP, HELP_ID) VALUES ('AA_BPRE' ,'Bag Present' , 'ALARM', 0, 0, 0, current_timestamp,NULL);
INSERT INTO [dbo].[REPORT_FAULT] (FAULT_NAME, FAULT_DESCRIPTION, FAULT_TYPE, FAULT_USED, MDS_USED, CCTV_USED, TIME_STAMP, HELP_ID) VALUES ('AA_CMEN' ,'Command - Enable/Disable' , 'EVENT', 0, 0, 0, current_timestamp,NULL);
INSERT INTO [dbo].[REPORT_FAULT] (FAULT_NAME, FAULT_DESCRIPTION, FAULT_TYPE, FAULT_USED, MDS_USED, CCTV_USED, TIME_STAMP, HELP_ID) VALUES ('AA_CMGN' ,'Command - General Command' , 'EVENT', 0, 0, 0, current_timestamp,NULL);
INSERT INTO [dbo].[REPORT_FAULT] (FAULT_NAME, FAULT_DESCRIPTION, FAULT_TYPE, FAULT_USED, MDS_USED, CCTV_USED, TIME_STAMP, HELP_ID) VALUES ('AA_CMHB' ,'Command - Heart Beat' , 'TEXT', 0, 0,0, current_timestamp,NULL);
INSERT INTO [dbo].[REPORT_FAULT] (FAULT_NAME, FAULT_DESCRIPTION, FAULT_TYPE, FAULT_USED, MDS_USED, CCTV_USED, TIME_STAMP, HELP_ID) VALUES ('AA_CMMR' ,'Command - Manual Run' , 'EVENT', 0, 0, 0, current_timestamp,NULL);
INSERT INTO [dbo].[REPORT_FAULT] (FAULT_NAME, FAULT_DESCRIPTION, FAULT_TYPE, FAULT_USED, MDS_USED, CCTV_USED, TIME_STAMP, HELP_ID) VALUES ('AA_CMOR' ,'Command - Override' , 'EVENT', 0, 0, 0, current_timestamp,NULL);
INSERT INTO [dbo].[REPORT_FAULT] (FAULT_NAME, FAULT_DESCRIPTION, FAULT_TYPE, FAULT_USED, MDS_USED, CCTV_USED, TIME_STAMP, HELP_ID) VALUES ('AA_CMPO' ,'Command - Position Control (Up/Down/Retract/Extend/...)' , 'EVENT', 0, 0, 0, current_timestamp,NULL);
INSERT INTO [dbo].[REPORT_FAULT] (FAULT_NAME, FAULT_DESCRIPTION, FAULT_TYPE, FAULT_USED, MDS_USED, CCTV_USED, TIME_STAMP, HELP_ID) VALUES ('AA_CMPU' ,'Command - Pusher Control (Push All, Push None/...)' , 'EVENT', 0, 0, 0, current_timestamp,NULL);
INSERT INTO [dbo].[REPORT_FAULT] (FAULT_NAME, FAULT_DESCRIPTION, FAULT_TYPE, FAULT_USED, MDS_USED, CCTV_USED, TIME_STAMP, HELP_ID) VALUES ('AA_CMRS' ,'Command - Maintenance Status Reset' , 'EVENT', 0, 0, 0, current_timestamp,NULL);
INSERT INTO [dbo].[REPORT_FAULT] (FAULT_NAME, FAULT_DESCRIPTION, FAULT_TYPE, FAULT_USED, MDS_USED, CCTV_USED, TIME_STAMP, HELP_ID) VALUES ('AA_CMXR' ,'Command - X-Ray Machine (Start/Stop/...)' , 'EVENT', 0, 0, 0, current_timestamp,NULL);
INSERT INTO [dbo].[REPORT_FAULT] (FAULT_NAME, FAULT_DESCRIPTION, FAULT_TYPE, FAULT_USED, MDS_USED, CCTV_USED, TIME_STAMP, HELP_ID) VALUES ('AA_CMZO' ,'Command - Zone(Start/Stop/Fault Reset/...)' , 'EVENT', 0, 0, 0, current_timestamp,NULL);
INSERT INTO [dbo].[REPORT_FAULT] (FAULT_NAME, FAULT_DESCRIPTION, FAULT_TYPE, FAULT_USED, MDS_USED, CCTV_USED, TIME_STAMP, HELP_ID) VALUES ('AA_CNET' ,'CNET Module Fault' , 'ALARM', 0, 0, 0, current_timestamp,NULL);
INSERT INTO [dbo].[REPORT_FAULT] (FAULT_NAME, FAULT_DESCRIPTION, FAULT_TYPE, FAULT_USED, MDS_USED, CCTV_USED, TIME_STAMP, HELP_ID) VALUES ('AA_CNFT' ,'Motor Contactor Fault' , 'ALARM', 1, 1, 1, current_timestamp,NULL);
INSERT INTO [dbo].[REPORT_FAULT] (FAULT_NAME, FAULT_DESCRIPTION, FAULT_TYPE, FAULT_USED, MDS_USED, CCTV_USED, TIME_STAMP, HELP_ID) VALUES ('AA_CPAL' ,'Control Panel Alarm' , 'ALARM', 1, 1, 1, current_timestamp,NULL);
INSERT INTO [dbo].[REPORT_FAULT] (FAULT_NAME, FAULT_DESCRIPTION, FAULT_TYPE, FAULT_USED, MDS_USED, CCTV_USED, TIME_STAMP, HELP_ID) VALUES ('AA_CVOR' ,'Override' , 'TEXT', 0, 0, 0, current_timestamp,NULL);
INSERT INTO [dbo].[REPORT_FAULT] (FAULT_NAME, FAULT_DESCRIPTION, FAULT_TYPE, FAULT_USED, MDS_USED, CCTV_USED, TIME_STAMP, HELP_ID) VALUES ('AA_DACT' ,'Check-In Desk In Service/Not In Service' , 'EVENT', 0, 0, 0, current_timestamp,NULL);
INSERT INTO [dbo].[REPORT_FAULT] (FAULT_NAME, FAULT_DESCRIPTION, FAULT_TYPE, FAULT_USED, MDS_USED, CCTV_USED, TIME_STAMP, HELP_ID) VALUES ('AA_DIRN' ,'Motor Direction' , 'EVENT', 0, 0, 0, current_timestamp,NULL);
INSERT INTO [dbo].[REPORT_FAULT] (FAULT_NAME, FAULT_DESCRIPTION, FAULT_TYPE, FAULT_USED, MDS_USED, CCTV_USED, TIME_STAMP, HELP_ID) VALUES ('AA_ELCB' ,'ELCB Trip' , 'ALARM', 0, 0, 0, current_timestamp,NULL);
INSERT INTO [dbo].[REPORT_FAULT] (FAULT_NAME, FAULT_DESCRIPTION, FAULT_TYPE, FAULT_USED, MDS_USED, CCTV_USED, TIME_STAMP, HELP_ID) VALUES ('AA_ENFT' ,'Encoder Sensor Fault' , 'ALARM', 1, 1, 1, current_timestamp,NULL);
INSERT INTO [dbo].[REPORT_FAULT] (FAULT_NAME, FAULT_DESCRIPTION, FAULT_TYPE, FAULT_USED, MDS_USED, CCTV_USED, TIME_STAMP, HELP_ID) VALUES ('AA_ENUS' ,'Encoder Under Speed' , 'ALARM', 1, 1, 1, current_timestamp,NULL);
INSERT INTO [dbo].[REPORT_FAULT] (FAULT_NAME, FAULT_DESCRIPTION, FAULT_TYPE, FAULT_USED, MDS_USED, CCTV_USED, TIME_STAMP, HELP_ID) VALUES ('AA_EQMS' ,'Maintenance Limit Exceeded' , 'ALARM', 1, 1, 0, current_timestamp,NULL);
INSERT INTO [dbo].[REPORT_FAULT] (FAULT_NAME, FAULT_DESCRIPTION, FAULT_TYPE, FAULT_USED, MDS_USED, CCTV_USED, TIME_STAMP, HELP_ID) VALUES ('AA_EQSS' ,'Status - Equipment' , 'TEXT', 0, 0, 0, current_timestamp,NULL);
INSERT INTO [dbo].[REPORT_FAULT] (FAULT_NAME, FAULT_DESCRIPTION, FAULT_TYPE, FAULT_USED, MDS_USED, CCTV_USED, TIME_STAMP, HELP_ID) VALUES ('AA_ESTP' ,'Emergency Stop' , 'ALARM', 0, 1, 1, current_timestamp,NULL);
INSERT INTO [dbo].[REPORT_FAULT] (FAULT_NAME, FAULT_DESCRIPTION, FAULT_TYPE, FAULT_USED, MDS_USED, CCTV_USED, TIME_STAMP, HELP_ID) VALUES ('AA_FDTR' ,'Power Feeder Trip' , 'ALARM', 1, 1, 0, current_timestamp,NULL);
INSERT INTO [dbo].[REPORT_FAULT] (FAULT_NAME, FAULT_DESCRIPTION, FAULT_TYPE, FAULT_USED, MDS_USED, CCTV_USED, TIME_STAMP, HELP_ID) VALUES ('AA_FIRE' ,'Fire Alarm' , 'ALARM', 0, 0, 0, current_timestamp,NULL);
INSERT INTO [dbo].[REPORT_FAULT] (FAULT_NAME, FAULT_DESCRIPTION, FAULT_TYPE, FAULT_USED, MDS_USED, CCTV_USED, TIME_STAMP, HELP_ID) VALUES ('AA_FSAL' ,'Security Fail Safe Alarm' , 'ALARM', 1, 1, 1, current_timestamp,NULL);
INSERT INTO [dbo].[REPORT_FAULT] (FAULT_NAME, FAULT_DESCRIPTION, FAULT_TYPE, FAULT_USED, MDS_USED, CCTV_USED, TIME_STAMP, HELP_ID) VALUES ('AA_FULL' ,'Conveyor/Chute Full' , 'ALARM', 1, 1, 1, current_timestamp,NULL);
INSERT INTO [dbo].[REPORT_FAULT] (FAULT_NAME, FAULT_DESCRIPTION, FAULT_TYPE, FAULT_USED, MDS_USED, CCTV_USED, TIME_STAMP, HELP_ID) VALUES ('AA_GNAL' ,'General Alarm' , 'ALARM', 1, 1, 1, current_timestamp,NULL);
INSERT INTO [dbo].[REPORT_FAULT] (FAULT_NAME, FAULT_DESCRIPTION, FAULT_TYPE, FAULT_USED, MDS_USED, CCTV_USED, TIME_STAMP, HELP_ID) VALUES ('AA_GNSS' ,'Status - General' , 'TEXT', 0, 0, 1, current_timestamp,NULL);
INSERT INTO [dbo].[REPORT_FAULT] (FAULT_NAME, FAULT_DESCRIPTION, FAULT_TYPE, FAULT_USED, MDS_USED, CCTV_USED, TIME_STAMP, HELP_ID) VALUES ('AA_HBSG' ,'PLC Heart Beat Signal' , 'TEXT', 0, 0, 0, current_timestamp,NULL);
INSERT INTO [dbo].[REPORT_FAULT] (FAULT_NAME, FAULT_DESCRIPTION, FAULT_TYPE, FAULT_USED, MDS_USED, CCTV_USED, TIME_STAMP, HELP_ID) VALUES ('AA_ISOF' ,'Motor Isolator Off' , 'ALARM', 0, 1, 1, current_timestamp,NULL);
INSERT INTO [dbo].[REPORT_FAULT] (FAULT_NAME, FAULT_DESCRIPTION, FAULT_TYPE, FAULT_USED, MDS_USED, CCTV_USED, TIME_STAMP, HELP_ID) VALUES ('AA_IVFT' ,'Motor Inverter Fault' , 'ALARM', 1, 1, 1, current_timestamp,NULL);
INSERT INTO [dbo].[REPORT_FAULT] (FAULT_NAME, FAULT_DESCRIPTION, FAULT_TYPE, FAULT_USED, MDS_USED, CCTV_USED, TIME_STAMP, HELP_ID) VALUES ('AA_LFAL' ,'Lifter Alarm' , 'ALARM', 0, 0, 0, current_timestamp,NULL);
INSERT INTO [dbo].[REPORT_FAULT] (FAULT_NAME, FAULT_DESCRIPTION, FAULT_TYPE, FAULT_USED, MDS_USED, CCTV_USED, TIME_STAMP, HELP_ID) VALUES ('AA_MBTR' ,'MCCB Trip' , 'ALARM', 0, 0, 0, current_timestamp,NULL);
INSERT INTO [dbo].[REPORT_FAULT] (FAULT_NAME, FAULT_DESCRIPTION, FAULT_TYPE, FAULT_USED, MDS_USED, CCTV_USED, TIME_STAMP, HELP_ID) VALUES ('AA_MSBJ' ,'Miss Bag Jam' , 'ALARM', 1, 1, 1, current_timestamp,NULL);
INSERT INTO [dbo].[REPORT_FAULT] (FAULT_NAME, FAULT_DESCRIPTION, FAULT_TYPE, FAULT_USED, MDS_USED, CCTV_USED, TIME_STAMP, HELP_ID) VALUES ('AA_MTOH' ,'Motor Over Heat' , 'ALARM', 0, 0, 0, current_timestamp,NULL);
INSERT INTO [dbo].[REPORT_FAULT] (FAULT_NAME, FAULT_DESCRIPTION, FAULT_TYPE, FAULT_USED, MDS_USED, CCTV_USED, TIME_STAMP, HELP_ID) VALUES ('AA_MTRN' ,'Motor Run' , 'EVENT', 0, 0, 0, current_timestamp,NULL);
INSERT INTO [dbo].[REPORT_FAULT] (FAULT_NAME, FAULT_DESCRIPTION, FAULT_TYPE, FAULT_USED, MDS_USED, CCTV_USED, TIME_STAMP, HELP_ID) VALUES ('AA_MTTR' ,'Motor Overload Trip' , 'ALARM', 1, 1, 1, current_timestamp,NULL);
INSERT INTO [dbo].[REPORT_FAULT] (FAULT_NAME, FAULT_DESCRIPTION, FAULT_TYPE, FAULT_USED, MDS_USED, CCTV_USED, TIME_STAMP, HELP_ID) VALUES ('AA_NDAL' ,'Network Device Alarm' , 'ALARM', 1, 1, 0, current_timestamp,NULL);
INSERT INTO [dbo].[REPORT_FAULT] (FAULT_NAME, FAULT_DESCRIPTION, FAULT_TYPE, FAULT_USED, MDS_USED, CCTV_USED, TIME_STAMP, HELP_ID) VALUES ('AA_NIPS' ,'Not In Position' , 'ALARM', 1, 1, 1, current_timestamp,NULL);
INSERT INTO [dbo].[REPORT_FAULT] (FAULT_NAME, FAULT_DESCRIPTION, FAULT_TYPE, FAULT_USED, MDS_USED, CCTV_USED, TIME_STAMP, HELP_ID) VALUES ('AA_OMSG' ,'Operator Message' , 'OPERATOR', 0, 0, 0, current_timestamp,NULL);
INSERT INTO [dbo].[REPORT_FAULT] (FAULT_NAME, FAULT_DESCRIPTION, FAULT_TYPE, FAULT_USED, MDS_USED, CCTV_USED, TIME_STAMP, HELP_ID) VALUES ('AA_OMSS' ,'Status - Operation Mode' , 'TEXT', 0, 0, 0, current_timestamp,NULL);
INSERT INTO [dbo].[REPORT_FAULT] (FAULT_NAME, FAULT_DESCRIPTION, FAULT_TYPE, FAULT_USED, MDS_USED, CCTV_USED, TIME_STAMP, HELP_ID) VALUES ('AA_PHFL' ,'Three Phases Failure' , 'ALARM', 0, 0, 0, current_timestamp,NULL);
INSERT INTO [dbo].[REPORT_FAULT] (FAULT_NAME, FAULT_DESCRIPTION, FAULT_TYPE, FAULT_USED, MDS_USED, CCTV_USED, TIME_STAMP, HELP_ID) VALUES ('AA_PSET' ,'Setup - Parameter Settings Change' , 'EVENT', 0, 0, 0, current_timestamp,NULL);
INSERT INTO [dbo].[REPORT_FAULT] (FAULT_NAME, FAULT_DESCRIPTION, FAULT_TYPE, FAULT_USED, MDS_USED, CCTV_USED, TIME_STAMP, HELP_ID) VALUES ('AA_POSS' ,'Status - Position (Extend/Retract...)' , 'EVENT', 0, 0, 0, current_timestamp,NULL);
INSERT INTO [dbo].[REPORT_FAULT] (FAULT_NAME, FAULT_DESCRIPTION, FAULT_TYPE, FAULT_USED, MDS_USED, CCTV_USED, TIME_STAMP, HELP_ID) VALUES ('AA_REMD' ,'Reminder Message' , 'EVENT', 0, 0, 0, current_timestamp,NULL);
INSERT INTO [dbo].[REPORT_FAULT] (FAULT_NAME, FAULT_DESCRIPTION, FAULT_TYPE, FAULT_USED, MDS_USED, CCTV_USED, TIME_STAMP, HELP_ID) VALUES ('AA_SALM' ,'Security Alarm' , 'ALARM', 0, 0, 0, current_timestamp,NULL);
INSERT INTO [dbo].[REPORT_FAULT] (FAULT_NAME, FAULT_DESCRIPTION, FAULT_TYPE, FAULT_USED, MDS_USED, CCTV_USED, TIME_STAMP, HELP_ID) VALUES ('AA_SDAL' ,'Shutter Door Alarm' , 'ALARM', 1, 1, 1, current_timestamp,NULL);
INSERT INTO [dbo].[REPORT_FAULT] (FAULT_NAME, FAULT_DESCRIPTION, FAULT_TYPE, FAULT_USED, MDS_USED, CCTV_USED, TIME_STAMP, HELP_ID) VALUES ('AA_SNRD' ,'Motor Starter Not Ready' , 'ALARM', 1, 1, 1, current_timestamp,NULL);
INSERT INTO [dbo].[REPORT_FAULT] (FAULT_NAME, FAULT_DESCRIPTION, FAULT_TYPE, FAULT_USED, MDS_USED, CCTV_USED, TIME_STAMP, HELP_ID) VALUES ('AA_SNSS' ,'Status - Photo Eye On/Off' , 'EVENT', 0, 0, 0, current_timestamp,NULL);
INSERT INTO [dbo].[REPORT_FAULT] (FAULT_NAME, FAULT_DESCRIPTION, FAULT_TYPE, FAULT_USED, MDS_USED, CCTV_USED, TIME_STAMP, HELP_ID) VALUES ('AA_SSFT' ,'Soft Starter Fault' , 'ALARM', 1, 1, 1, current_timestamp,NULL);
INSERT INTO [dbo].[REPORT_FAULT] (FAULT_NAME, FAULT_DESCRIPTION, FAULT_TYPE, FAULT_USED, MDS_USED, CCTV_USED, TIME_STAMP, HELP_ID) VALUES ('AA_TVAL' ,'CCTV Alarms' , 'ALARM', 0, 0, 0, current_timestamp,NULL);
INSERT INTO [dbo].[REPORT_FAULT] (FAULT_NAME, FAULT_DESCRIPTION, FAULT_TYPE, FAULT_USED, MDS_USED, CCTV_USED, TIME_STAMP, HELP_ID) VALUES ('AA_TVEV' ,'CCTV Events' , 'EVENT', 0, 0, 0, current_timestamp,NULL);
INSERT INTO [dbo].[REPORT_FAULT] (FAULT_NAME, FAULT_DESCRIPTION, FAULT_TYPE, FAULT_USED, MDS_USED, CCTV_USED, TIME_STAMP, HELP_ID) VALUES ('AA_VLAL' ,'Vertilator Alarm' , 'ALARM', 0, 0, 0, current_timestamp,NULL);
INSERT INTO [dbo].[REPORT_FAULT] (FAULT_NAME, FAULT_DESCRIPTION, FAULT_TYPE, FAULT_USED, MDS_USED, CCTV_USED, TIME_STAMP, HELP_ID) VALUES ('AA_UNAV' ,'Equipment Unavailable' , 'EVENT', 0, 0, 0, current_timestamp,NULL);
INSERT INTO [dbo].[REPORT_FAULT] (FAULT_NAME, FAULT_DESCRIPTION, FAULT_TYPE, FAULT_USED, MDS_USED, CCTV_USED, TIME_STAMP, HELP_ID) VALUES ('AA_XMAL' ,'X-Ray Machine Alarm' , 'ALARM', 1, 1, 1, current_timestamp,NULL);
GO

/* Insert data into table [MDS_MDS_BAG_COUNTERS] */
PRINT 'INFO: Inserting initial records into table [MDS_BAG_COUNTERS]...'

INSERT INTO [dbo].[MDS_BAG_COUNTERS] ([COUNTER_ID], [SUBSYSTEM], [LOCATION], [PLC_ZONE], [DESCRIPTION]) 
		VALUES ('DIVP_TC1-15A','TC1','TC1-15A',NULL,'Passes Through Bags')
INSERT INTO [dbo].[MDS_BAG_COUNTERS] ([COUNTER_ID], [SUBSYSTEM], [LOCATION], [PLC_ZONE], [DESCRIPTION]) 
		VALUES ('DIVP_TC2-17A','TC2','TC2-17A',NULL,'Passes Through Bags')
INSERT INTO [dbo].[MDS_BAG_COUNTERS] ([COUNTER_ID], [SUBSYSTEM], [LOCATION], [PLC_ZONE], [DESCRIPTION]) 
		VALUES ('DIVP_SS1L3-03A','SS1L3','SS1L3-03A',NULL,'Passes Through Bags')
INSERT INTO [dbo].[MDS_BAG_COUNTERS] ([COUNTER_ID], [SUBSYSTEM], [LOCATION], [PLC_ZONE], [DESCRIPTION]) 
		VALUES ('DIVP_SS2L3-02A','SS2L3','SS2L3-02A',NULL,'Passes Through Bags')
INSERT INTO [dbo].[MDS_BAG_COUNTERS] ([COUNTER_ID], [SUBSYSTEM], [LOCATION], [PLC_ZONE], [DESCRIPTION]) 
		VALUES ('DIVD_TC1-15A','TC1','TC1-15A',NULL,'Diverted Bags')
INSERT INTO [dbo].[MDS_BAG_COUNTERS] ([COUNTER_ID], [SUBSYSTEM], [LOCATION], [PLC_ZONE], [DESCRIPTION]) 
		VALUES ('DIVD_TC2-17A','TC2','TC2-17A',NULL,'Diverted Bags')
INSERT INTO [dbo].[MDS_BAG_COUNTERS] ([COUNTER_ID], [SUBSYSTEM], [LOCATION], [PLC_ZONE], [DESCRIPTION]) 
		VALUES ('DIVD_SS1L3-03A','SS1L3','SS1L3-03A',NULL,'Diverted Bags')
INSERT INTO [dbo].[MDS_BAG_COUNTERS] ([COUNTER_ID], [SUBSYSTEM], [LOCATION], [PLC_ZONE], [DESCRIPTION]) 
		VALUES ('DIVD_SS2L3-02A','SS2L3','SS2L3-02A',NULL,'Diverted Bags')

INSERT INTO [dbo].[MDS_BAG_COUNTERS] ([COUNTER_ID], [SUBSYSTEM], [LOCATION], [PLC_ZONE], [DESCRIPTION]) 
		VALUES ('VST_SS1-10','SS1','SS1-10',NULL,'Top Routed Bags')
INSERT INTO [dbo].[MDS_BAG_COUNTERS] ([COUNTER_ID], [SUBSYSTEM], [LOCATION], [PLC_ZONE], [DESCRIPTION]) 
		VALUES ('VST_SS2-10','SS2','SS2-10',NULL,'Top Routed Bags')
INSERT INTO [dbo].[MDS_BAG_COUNTERS] ([COUNTER_ID], [SUBSYSTEM], [LOCATION], [PLC_ZONE], [DESCRIPTION]) 
		VALUES ('VST_SS1L3-17','SS1L3','SS1L3-17',NULL,'Top Routed Bags')
INSERT INTO [dbo].[MDS_BAG_COUNTERS] ([COUNTER_ID], [SUBSYSTEM], [LOCATION], [PLC_ZONE], [DESCRIPTION]) 
		VALUES ('VST_SS2L3-15','SS2L3','SS2L3-15',NULL,'Top Routed Bags')
INSERT INTO [dbo].[MDS_BAG_COUNTERS] ([COUNTER_ID], [SUBSYSTEM], [LOCATION], [PLC_ZONE], [DESCRIPTION]) 
		VALUES ('VSB_SS1-10','SS1','SS1-10',NULL,'Bottom Routed Bags')
INSERT INTO [dbo].[MDS_BAG_COUNTERS] ([COUNTER_ID], [SUBSYSTEM], [LOCATION], [PLC_ZONE], [DESCRIPTION]) 
		VALUES ('VSB_SS2-10','SS2','SS2-10',NULL,'Bottom Routed Bags')
INSERT INTO [dbo].[MDS_BAG_COUNTERS] ([COUNTER_ID], [SUBSYSTEM], [LOCATION], [PLC_ZONE], [DESCRIPTION]) 
		VALUES ('VSB_SS1L3-17','SS1L3','SS1L3-17',NULL,'Bottom Routed Bags')
INSERT INTO [dbo].[MDS_BAG_COUNTERS] ([COUNTER_ID], [SUBSYSTEM], [LOCATION], [PLC_ZONE], [DESCRIPTION]) 
		VALUES ('VSB_SS2L3-15','SS2L3','SS2L3-15',NULL,'Bottom Routed Bags')

INSERT INTO [dbo].[MDS_BAG_COUNTERS] ([COUNTER_ID], [SUBSYSTEM], [LOCATION], [PLC_ZONE], [DESCRIPTION]) 
		VALUES ('PUP_OB1-01','OB1','OB1-01',NULL,'Passes Through Bags')
INSERT INTO [dbo].[MDS_BAG_COUNTERS] ([COUNTER_ID], [SUBSYSTEM], [LOCATION], [PLC_ZONE], [DESCRIPTION]) 
		VALUES ('PUP_OB2-01','OB2','OB2-01',NULL,'Passes Through Bags')
INSERT INTO [dbo].[MDS_BAG_COUNTERS] ([COUNTER_ID], [SUBSYSTEM], [LOCATION], [PLC_ZONE], [DESCRIPTION]) 
		VALUES ('PUP_OB3-01','OB3','OB3-01',NULL,'Passes Through Bags')
INSERT INTO [dbo].[MDS_BAG_COUNTERS] ([COUNTER_ID], [SUBSYSTEM], [LOCATION], [PLC_ZONE], [DESCRIPTION]) 
		VALUES ('PUP_TB-01','TB','TB-01',NULL,'Passes Through Bags')
INSERT INTO [dbo].[MDS_BAG_COUNTERS] ([COUNTER_ID], [SUBSYSTEM], [LOCATION], [PLC_ZONE], [DESCRIPTION]) 
		VALUES ('PUP_ME-01','ME','ME-01',NULL,'Passes Through Bags')
INSERT INTO [dbo].[MDS_BAG_COUNTERS] ([COUNTER_ID], [SUBSYSTEM], [LOCATION], [PLC_ZONE], [DESCRIPTION]) 
		VALUES ('PUD_OB1-01','OB1','OB1-01',NULL,'Pushed Bags')
INSERT INTO [dbo].[MDS_BAG_COUNTERS] ([COUNTER_ID], [SUBSYSTEM], [LOCATION], [PLC_ZONE], [DESCRIPTION]) 
		VALUES ('PUD_OB2-01','OB2','OB2-01',NULL,'Pushed Bags')
INSERT INTO [dbo].[MDS_BAG_COUNTERS] ([COUNTER_ID], [SUBSYSTEM], [LOCATION], [PLC_ZONE], [DESCRIPTION]) 
		VALUES ('PUD_OB3-01','OB3','OB3-01',NULL,'Pushed Bags')
INSERT INTO [dbo].[MDS_BAG_COUNTERS] ([COUNTER_ID], [SUBSYSTEM], [LOCATION], [PLC_ZONE], [DESCRIPTION]) 
		VALUES ('PUD_TB-01','TB','TB-01',NULL,'Pushed Bags')
INSERT INTO [dbo].[MDS_BAG_COUNTERS] ([COUNTER_ID], [SUBSYSTEM], [LOCATION], [PLC_ZONE], [DESCRIPTION]) 
		VALUES ('PUD_ME-01','ME','ME-01',NULL,'Pushed Bags')
INSERT INTO [dbo].[MDS_BAG_COUNTERS] ([COUNTER_ID], [SUBSYSTEM], [LOCATION], [PLC_ZONE], [DESCRIPTION]) 
		VALUES ('CIC_TC1','TC1','TC1_01',NULL,'Check-in Line')
INSERT INTO [dbo].[MDS_BAG_COUNTERS] ([COUNTER_ID], [SUBSYSTEM], [LOCATION], [PLC_ZONE], [DESCRIPTION]) 
		VALUES ('CIC_TC2','TC2','TC2_01',NULL,'Check-in Line')
INSERT INTO [dbo].[MDS_BAG_COUNTERS] ([COUNTER_ID], [SUBSYSTEM], [LOCATION], [PLC_ZONE], [DESCRIPTION]) 
		VALUES ('CIC_TCX','TCX','TCX_01',NULL,'Check-in Line')
INSERT INTO [dbo].[MDS_BAG_COUNTERS] ([COUNTER_ID], [SUBSYSTEM], [LOCATION], [PLC_ZONE], [DESCRIPTION]) 
		VALUES ('CIC_TR','TR','TR_01',NULL,'')

INSERT INTO [dbo].[MDS_BAG_COUNTERS] ([COUNTER_ID], [SUBSYSTEM], [LOCATION], [PLC_ZONE], [DESCRIPTION]) 
		VALUES ('DVT2L3CL_SS1L3','SS1L3','SS1L3_01',NULL,'Cleared Bags')
INSERT INTO [dbo].[MDS_BAG_COUNTERS] ([COUNTER_ID], [SUBSYSTEM], [LOCATION], [PLC_ZONE], [DESCRIPTION]) 
		VALUES ('DVT2L3UCL_SS1L3','SS1L3','SS1L3_01',NULL,'Uncleared Bags')
INSERT INTO [dbo].[MDS_BAG_COUNTERS] ([COUNTER_ID], [SUBSYSTEM], [LOCATION], [PLC_ZONE], [DESCRIPTION]) 
		VALUES ('DVT2L3UCL_SS2L3','SS2L3','SS2L3_01',NULL,'Uncleared Bags')
INSERT INTO [dbo].[MDS_BAG_COUNTERS] ([COUNTER_ID], [SUBSYSTEM], [LOCATION], [PLC_ZONE], [DESCRIPTION]) 
		VALUES ('DVT2L3ND_SS1L3','SS1L3','SS1L3_01',NULL,'No Decision')
INSERT INTO [dbo].[MDS_BAG_COUNTERS] ([COUNTER_ID], [SUBSYSTEM], [LOCATION], [PLC_ZONE], [DESCRIPTION]) 
		VALUES ('DVT2L3ND_SS2L3','SS2L3','SS2L3_01',NULL,'No Decision')
INSERT INTO [dbo].[MDS_BAG_COUNTERS] ([COUNTER_ID], [SUBSYSTEM], [LOCATION], [PLC_ZONE], [DESCRIPTION]) 
		VALUES ('DVT2L3UK_SS1L3','SS1L3','SS1L3_01',NULL,'Unknown Bags')
INSERT INTO [dbo].[MDS_BAG_COUNTERS] ([COUNTER_ID], [SUBSYSTEM], [LOCATION], [PLC_ZONE], [DESCRIPTION]) 
		VALUES ('DVT2L3UK_SS2L3','SS2L3','SS2L3_01',NULL,'Unknown Bags')
INSERT INTO [dbo].[MDS_BAG_COUNTERS] ([COUNTER_ID], [SUBSYSTEM], [LOCATION], [PLC_ZONE], [DESCRIPTION]) 
		VALUES ('DVT2L5CL_SS2L3U','SS2L3U','SS2L3U_01',NULL,'Cleared Bags')
INSERT INTO [dbo].[MDS_BAG_COUNTERS] ([COUNTER_ID], [SUBSYSTEM], [LOCATION], [PLC_ZONE], [DESCRIPTION]) 
		VALUES ('DVT2L5UCL_SS2L3U','SS2L3U','SS2L3U_01',NULL,'Uncleared Bags')
INSERT INTO [dbo].[MDS_BAG_COUNTERS] ([COUNTER_ID], [SUBSYSTEM], [LOCATION], [PLC_ZONE], [DESCRIPTION]) 
		VALUES ('DVT2L5UK_SS2L3U','SS2L3U','SS2L3U_01',NULL,'Unknown Bags')
INSERT INTO [dbo].[MDS_BAG_COUNTERS] ([COUNTER_ID], [SUBSYSTEM], [LOCATION], [PLC_ZONE], [DESCRIPTION]) 
		VALUES ('BJD_SS1','SS1','SS1_04',NULL,'Bags Jammed')
INSERT INTO [dbo].[MDS_BAG_COUNTERS] ([COUNTER_ID], [SUBSYSTEM], [LOCATION], [PLC_ZONE], [DESCRIPTION]) 
		VALUES ('BJD_SS2','SS2','SS2_04',NULL,'Bags Jammed')
INSERT INTO [dbo].[MDS_BAG_COUNTERS] ([COUNTER_ID], [SUBSYSTEM], [LOCATION], [PLC_ZONE], [DESCRIPTION]) 
		VALUES ('BJD_SS1L3','SS1L3','SS1L3_01',NULL,'Bags Jammed')
INSERT INTO [dbo].[MDS_BAG_COUNTERS] ([COUNTER_ID], [SUBSYSTEM], [LOCATION], [PLC_ZONE], [DESCRIPTION]) 
		VALUES ('BJD_SS2L3','SS2L3','SS2L3_01',NULL,'Bags Jammed')
INSERT INTO [dbo].[MDS_BAG_COUNTERS] ([COUNTER_ID], [SUBSYSTEM], [LOCATION], [PLC_ZONE], [DESCRIPTION]) 
		VALUES ('FRJ_SS1','SS1','SS1_04',NULL,'Forced Rejected Bags')
INSERT INTO [dbo].[MDS_BAG_COUNTERS] ([COUNTER_ID], [SUBSYSTEM], [LOCATION], [PLC_ZONE], [DESCRIPTION]) 
		VALUES ('FRJ_SS2','SS2','SS2_04',NULL,'Forced Rejected Bags')
INSERT INTO [dbo].[MDS_BAG_COUNTERS] ([COUNTER_ID], [SUBSYSTEM], [LOCATION], [PLC_ZONE], [DESCRIPTION]) 
		VALUES ('FRJ_SS1L3','SS1L3','SS1L3_01',NULL,'Forced Rejected Bags')
INSERT INTO [dbo].[MDS_BAG_COUNTERS] ([COUNTER_ID], [SUBSYSTEM], [LOCATION], [PLC_ZONE], [DESCRIPTION]) 
		VALUES ('FRJ_SS2L3','SS2L3','SS2L3_01',NULL,'Forced Rejected Bags')

GO

PRINT 'INFO: End of Insert New Initial Data.'
GO
PRINT 'INFO: .'
PRINT 'INFO: .'
PRINT 'INFO: .'
GO
PRINT 'INFO: End of STEP 3.3'
